id,name,sku,category,subCategory,description,brand,hsnNumber,eanNumber,maxOrder,sacNumber,gst,cess,MRP,O2RLP,PTH,PTR,packOf,manufacturer,itemType,platformType,shopTypes,retailerTypes,cities,hubs,productType,isFeatured,isNonDiscountable,shelfLifeInMonth,length,width,height,volume,unitWeight,unitWeightType,packType,parentVariant,status
P-895,Chingles Filz Jar,SKU00001,Confectionery,Chingles,Chingles Filz (150 pc),DS Group,1704,,0,,18.0,0.0,150.0,115.74,124.63,125.0,1,DS Group,FOOD,ALL,"General A, General B, General C, Chemist A, Chemist B, Chemist C, Paan A, Paan B, Paan C, General Trade, Wholesaler, ",,,"HB002, HB003, HB004, HB005, HB007, HB008, HB009, HB010, HB011, HB001, ",DS Group Products,No,No,12,11.0,11.0,23.0,0.002783,3.5,G,JAR,SKU00001,ACTIVE
P-903,Chingles Maxi Tutti Fruiti Jar,SKU00009,Confectionery,Chingles,Chingles Maxi Tutti Fruiti Jar (150 pcs),DS Group,1704,,0,,18.0,0.0,150.0,115.74,124.63,125.0,1,DS Group,FOOD,ALL,"General A, General B, General C, Chemist A, Chemist B, Chemist C, Paan A, Paan B, Paan C, General Trade, Wholesaler, ",,,"HB002, HB003, HB004, HB005, HB007, HB008, HB009, HB010, HB011, ",DS Group Products,No,No,12,10.0,10.0,22.5,0.00225,2.4,G,JAR,SKU00009,ACTIVE
P-904,Pass Pass Meetha Magic 11g Hanger,SKU00010,Mouth Fresheners,Pass Pass,Pass Pass Meetha Magic 12g Hanger (18 pcs),DS Group,2008,,0,,12.0,0.0,90.0,66.66,71.8,72.0,18,DS Group,FOOD,ALL,"General A, General B, General C, Chemist A, Chemist B, Chemist C, Paan A, Paan B, Paan C, General Trade, Wholesaler, ",,,"HB002, HB003, HB004, HB005, HB007, HB008, HB009, HB010, HB011, ",DS Group Products,No,No,9,12.0,6.5,2.0,0.002808,12.0,G,HANGER,SKU00010,ACTIVE
P-910,Pass Pass Meetha Magic FTT 20 Pcs,SKU00016,Mouth Fresheners,Pass Pass,Pass Pass Meetha Magic FTT MasterPouch ,DS Group,2008,,0,,12.0,0.0,200.0,148.14,159.54,160.0,20,DS Group,FOOD,ALL,"General A, General B, General C, Chemist A, Chemist B, Chemist C, Paan A, Paan B, Paan C, General Trade, Wholesaler, ",,,"HB010, ",DS Group Products,No,No,9,8.0,3.0,2.5,0.0012,18.0,G,FTT,SKU00016,ACTIVE
P-914,Pass Pass FTT,SKU00020,Mouth Fresheners,Pass Pass,Pass Pass FTT,DS Group,2008,,0,,12.0,0.0,100.0,74.07,79.77,80.0,10,DS Group,FOOD,ALL,"Chemist A, Chemist B, Chemist C, General A, General B, General C, Paan A, Paan B, Paan C, Wholesaler, ","HVHF, HVLF, LVHF, LVLF, ",,"HB002, HB003, HB004, HB005, HB008, HB009, HB011, HB007, ",DS Group Products,No,Yes,9,26.5,11.5,3.5000000000000004,0.010666250000000002,18.0,G,FTT,SKU00020,ACTIVE
P-916,Pulse Kachha Aam 175 Candy,SKU00022,Confectionery,Pulse,Pulse Kaccha Aam Jar (175pcs),DS Group,1704,,0,,12.0,0.0,175.0,134.25,144.57,145.0,1,DS Group,FOOD,ALL,"General A, General B, General C, Chemist A, Chemist B, Chemist C, Paan A, Paan B, Paan C, General Trade, Wholesaler, ","LVLF, LVHF, HVLF, HVHF, ",,"HB002, HB003, HB004, HB005, HB007, HB008, HB009, HB010, HB001, HB011, ",DS Group Products,No,No,12,9.5,9.5,23.0,0.00207575,4.0,G,JAR,SKU00022,ACTIVE
P-918,Pulse Kachha Aam Jar (250 Candy),SKU00024,Confectionery,Pulse,"Pulse Kaccha Aam Jar (250pcs)
",DS Group,1704,,0,,12.0,0.0,250.0,174.07,187.44,188.0,1,DS Group,FOOD,ALL,"General A, General B, General C, Chemist A, Chemist B, Chemist C, Paan A, Paan B, Paan C, General Trade, Wholesaler, ","LVLF, LVHF, HVLF, HVHF, ",,"HB002, HB003, HB004, HB005, HB007, HB008, HB009, HB010, HB011, ",DS Group Products,No,No,12,13.0,10.0,27.5,0.003575,4.0,G,JAR,SKU00024,ACTIVE
P-920,Pulse Litchi Candy Jar,SKU00026,Confectionery,Pulse,Pulse Litchi Jar (177 pcs),DS Group,1704,,0,,12.0,0.0,175.0,134.25,144.57,145.0,1,DS Group,FOOD,ALL,"General A, General B, General C, Chemist A, Chemist B, Chemist C, Paan A, Paan B, Paan C, General Trade, Wholesaler, ","LVLF, LVHF, HVLF, HVHF, ",,"HB002, HB003, HB004, HB005, HB007, HB008, HB009, HB010, HB001, HB011, ",DS Group Products,No,No,12,9.5,9.5,23.0,0.00207575,3.8,G,JAR,SKU00026,ACTIVE
P-924,Pulse Mix Candy Jar,SKU00030,Confectionery,Pulse,"Pulse Mix Jar (177 pcs)
",DS Group,1704,,0,,12.0,0.0,175.0,134.25,144.57,145.0,1,DS Group,FOOD,ALL,"General A, General B, General C, Chemist A, Chemist B, Chemist C, Paan A, Paan B, Paan C, General Trade, Wholesaler, ","LVLF, LVHF, HVLF, HVHF, ",,"HB002, HB003, HB004, HB005, HB007, HB008, HB009, HB010, HB011, ",DS Group Products,No,No,12,9.5,9.5,23.0,0.00207575,4.0,G,JAR,SKU00030,ACTIVE
P-927,Rajnigandha 100g ,SKU00033,Pan Masala,Rajnigandha,Rajnigandha,DS Group,21069020,,0,,28.0,32.0,350.0,305.21,321.03,322.0,1,DS Group,FOOD,ALL,"General A, General B, General C, Chemist A, Chemist B, Chemist C, Paan A, Paan B, Paan C, General Trade, Wholesaler, ","LVLF, LVHF, HVLF, HVHF, ",,"HB002, HB003, HB004, HB005, HB007, HB008, HB009, HB010, HB011, ",DS Group Products,No,No,4,6.0,6.0,10.0,3.6E-4,100.0,G,TIN,SKU00033,ACTIVE
P-945,Rajnigandha 17g (1 Pcs),SKU00051,Pan Masala,Rajnigandha,Rajnigandha 17g zipper (1pcs),DS Group,21069020,,0,,28.0,32.0,70.0,53.08,55.83,56.0,1,DS Group,FOOD,ALL,"Chemist A, Chemist B, Chemist C, General A, General B, General C, Paan A, Paan B, Paan C, Wholesaler, ","HVHF, HVLF, LVHF, LVLF, ",,"HB002, HB003, HB004, HB005, HB007, HB008, HB009, HB010, HB011, WH1, WH2, WH1, WH2, WH1, WH2, WH1, WH2, WH1, WH2, ",DS Group Products,No,No,4,10.5,9.0,5.0,4.725E-4,17.0,G,ZIPPER,SKU00051,ACTIVE
P-946,Rajnigandha17g IC (12 Pcs),SKU00052,Pan Masala,Rajnigandha,Rajnigandha 17g IC,DS Group,21069020,,0,,28.0,32.0,840.0,637.0,670.0,672.0,12,DS Group,FOOD,ALL,"Chemist A, Chemist B, Chemist C, General A, General B, General C, Paan A, Paan B, Paan C, Wholesaler, ","HVHF, HVLF, LVHF, LVLF, ",,"HB007, HB008, HB009, HB010, HB011, ",DS Group Products,No,No,4,28.499999999999996,19.5,6.0,0.040013999999999994,17.0,G,IC,SKU00051,ACTIVE
P-951,Rajnigandha 4g (52 pcs),SKU00057,Pan Masala,Rajnigandha,Rajnigandha 4g IC (54pcs),DS Group,21069020,,0,,28.0,32.0,912.0,815.16,857.43,860.0,52,DS Group,FOOD,ALL,"Chemist A, Chemist B, Chemist C, General A, General B, General C, Paan A, Paan B, Paan C, Wholesaler, ","LVLF, LVHF, HVLF, HVHF, ",,"HB002, HB003, HB004, HB005, HB007, HB008, HB009, HB010, HB011, ",DS Group Products,No,No,4,6.5,6.0,0.5,0.001014,4.0,G,IC,SKU027,ACTIVE
P-956,RG Pearl Elaichi MP Pouch 0.14g,SKU00062,Mouth Fresheners,Silver Pearls,Elaichi Pearls Elaichi MP 0.14g,DS Group,2008,,0,,12.0,0.0,152.0,129.63,129.63,130.0,152,DS Group,FOOD,ALL,"Chemist A, Chemist B, Chemist C, General A, General B, General C, Paan A, Paan B, Paan C, Wholesaler, ","HVHF, HVLF, LVHF, LVLF, ",,"HB002, HB003, HB004, HB005, HB007, HB008, HB009, HB010, HB011, ",DS Group Products,No,No,12,8.0,5.5,3.0,0.020064,0.14,G,MASTER_POUCH,SKU00062,ACTIVE
P-961,RG Pearl Elaichi 0.14g Jar ,SKU00067,Mouth Fresheners,Silver Pearls,RG Pearl Elaichi Jar (250 Pcs),DS Group,2008,,0,,0.0,0.0,250.0,214.35,214.35,215.0,250,,FOOD,ALL,"Chemist A, Chemist B, Chemist C, General A, General B, General C, Paan A, Paan B, Paan C, Wholesaler, ","HVHF, HVLF, LVHF, LVLF, ",,"HB002, HB003, HB004, HB005, HB007, HB009, HB010, HB011, HB008, ",DS Group Products,No,No,12,10.5,10.5,23.0,0.6339375,0.14,G,JAR,SKU00067,ACTIVE
P-969,Tulsi Royal Khajoor,SKU00075,Mouth Fresheners,Khajoor,Tulsi Royal Khajoor,DS Group,20089700,,0,,12.0,0.0,120.0,88.88,95.71,96.0,12,DS Group,FOOD,ALL,"Chemist A, Chemist B, Chemist C, General A, General B, General C, Paan A, Paan B, Paan C, Wholesaler, ","HVHF, HVLF, LVHF, LVLF, ",,"HB002, HB003, HB004, HB005, HB007, HB008, HB009, HB010, HB011, ",DS Group Products,No,No,12,11.5,5.5,6.0,0.004554,5.75,G,POUCH,SKU00075,ACTIVE
P-978,TZ 00 4.25g (6 Pcs),SKU00084,Zarda,Tulsi,TZ 00 4.25g (6 Pcs),DS Group,2403,,100,,28.0,56.0,348.0,299.52,315.07,316.0,6,DS Group,NON_FOOD,ALL,"Chemist A, Chemist B, Chemist C, General A, General B, General C, Paan A, Paan B, Paan C, Wholesaler, ","HVHF, HVLF, LVHF, LVLF, ",,"HB002, HB003, HB004, HB005, HB007, HB008, HB009, HB010, HB011, ",DS Group Products,No,Yes,6,16.0,12.0,6.0,0.006912,4.25,G,IC,SKU00084,ACTIVE
P-992,Test product 1,DSGTest1,Mouth Fresheners,Silver Pearls,test,Test brand,2008,,5,,12.0,0.0,40000.0,10000.0,15000.0,18000.0,2,,NON_FOOD,ALL,,,,"HB001, ",Non-DS Products,No,No,2,0.0,0.0,0.0,0.0,15.0,KG,BOX,DSGTest1,ACTIVE
P-993,Test product 2,DSGtest2,Confectionery,GPI,q,DS Group,17049090,,0,,18.0,0.0,200.0,150.0,152.0,155.0,1,DS Group,NON_FOOD,ALL,,,,"HB001, ",DS Group Products,No,Yes,1,0.0,0.0,0.0,0.0,16.0,KG,BOX,DSGtest2,ACTIVE
P-1003,RG Pearl Elaichi 1.4g Hanger,SKU00303,Mouth Fresheners,Silver Pearls,RG Pearl Elaichi Hanger (12pcs),DS Group,2008,,0,,12.0,0.0,120.0,93.52,100.69,101.0,12,DS Group,FOOD,ALL,"General A, General B, General C, Chemist A, Chemist B, Chemist C, Paan A, Paan B, Paan C, General Trade, Wholesaler, ","LVLF, LVHF, HVLF, HVHF, ",,"HB002, HB003, HB004, HB005, HB007, HB008, HB009, HB010, HB011, ",DS Group Products,No,No,12,8.0,7.0,2.0,0.001344,12.0,G,HANGER,SKU00303,ACTIVE
P-1004,RG Pearl Elaichi Hanger (6 pcs),SKU00304,Mouth Fresheners,Silver Pearls,RG Pearl Elaichi dispenser Hanger (6 pcs),DS Group,2008,,0,,12.0,0.0,300.0,250.92,270.19,271.0,6,DS Group,FOOD,ALL,"General A, General B, General C, Chemist A, Chemist B, Chemist C, Paan A, Paan B, Paan C, General Trade, Wholesaler, ","LVLF, LVHF, HVLF, HVHF, ",,"HB002, HB003, HB004, HB005, HB007, HB008, HB009, HB010, HB011, ",DS Group Products,No,No,12,13.5,14.5,2.5,0.00293625,5.75,G,HANGER,SKU00304,ACTIVE
P-1015,Rajnigandha 17g Zipper IC ,SKU101,Pan Masala,Rajnigandha,17g Zipper ,DS Group,21069020,,10,,28.0,32.0,1680.0,1274.0,1340.0,1344.0,24,DS Group,FOOD,ALL,"Chemist A, Chemist B, Chemist C, General A, General B, General C, Paan A, Paan B, Paan C, Wholesaler, ","HVHF, HVLF, LVHF, LVLF, ","null, ","TEST HUB, ",DS Group Products,No,No,4,10.5,9.0,5.0,0.01134,17.0,G,IC,SKUPM4,ACTIVE
P-1018,Rajnigandha 4g (104 pcs),SKU105,Pan Masala,Rajnigandha,Rajnigandha 4g (108 pcs),DS Group,21069020,,0,,28.0,32.0,2052.0,1630.33,1714.86,1720.0,104,DS Group,FOOD,ALL,"Chemist A, Chemist B, Chemist C, General A, General B, General C, Paan A, Paan B, Paan C, Wholesaler, ","HVHF, HVLF, LVHF, LVLF, ",,"HB002, HB003, HB004, HB005, HB007, HB008, HB009, HB010, HB001, HB011, ",DS Group Products,No,No,4,6.5,6.0,0.5,0.002028,4.0,G,POUCH,SKU027,ACTIVE
P-1020,Pass Pass Meetha Magic 2.2g (102 pcs),SKU080,Mouth Fresheners,Pass Pass,Pass Pass 2.2g (100 Pcs),DS Group,2008,,0,,12.0,0.0,100.0,74.07,79.77,80.0,102,DS Group,FOOD,ALL,"General A, General B, General C, Chemist A, Chemist B, Chemist C, Paan A, Paan B, Paan C, General Trade, Wholesaler, ","LVLF, LVHF, HVLF, HVHF, ",,"HB002, HB003, HB004, HB005, HB007, HB008, HB009, HB010, HB001, HB011, ",DS Group Products,No,No,9,3.0,1.5,0.5,2.295E-4,2.2,G,MASTER_POUCH,SKU080,ACTIVE
P-1022,Chingles Maxi Combo,SKU200,Confectionery,Chingles,Chingles Maxi Combo (Mint + Tutti Fruti),DS Group,1704,,0,,18.0,0.0,300.0,231.48,249.25,250.0,1,DS Group,FOOD,ALL,"General A, General B, General C, Chemist A, Chemist B, Chemist C, Paan A, Paan B, Paan C, General Trade, Wholesaler, ","LVLF, LVHF, HVLF, HVHF, ",,"HB002, HB003, HB004, HB005, HB007, HB008, HB010, HB011, ",DS Group Products,No,No,12,10.0,10.0,22.5,0.00225,2.4,G,JAR,SKU200,ACTIVE
P-1023,Pulse Kacha Aam (600 Candy),SKU300,Confectionery,Pulse,Pulse Kacha Aam (600 Candy) Jar,DS Group,1704,,0,,12.0,0.0,600.0,430.57,463.63,465.0,1,DS Group,FOOD,ALL,"General A, General B, General C, Chemist A, Chemist B, Chemist C, Paan A, Paan B, Paan C, General Trade, Wholesaler, ","LVLF, LVHF, HVLF, HVHF, ",,"HB002, HB003, HB004, HB005, HB007, HB008, HB009, HB010, HB011, ",DS Group Products,No,No,12,16.5,15.5,35.5,0.009079125,4.0,G,JAR,SKU300,ACTIVE
P-1029,Rajnigandha 2.2g 54 Pcs ,SKU555,Pan Masala,Rajnigandha,Rajnigandha 2.2g (52 pcs),DS Group,21069020,,0,,28.0,60.0,480.0,432.25,454.63,456.0,54,DS Group,FOOD,ALL,"General A, General B, General C, Chemist A, Chemist B, Chemist C, Paan A, Paan B, Paan C, General Trade, Wholesaler, ",,,"HB002, HB003, HB004, HB005, HB007, HB010, HB011, ",DS Group Products,No,No,4,3.5,3.0,0.5,2.835E-4,2.2,G,POUCH,SKU555,ACTIVE
P-1031,Ksheer Desi Ghee (1 pc),SKU700,Dairy,Ghee,Ksheer Buffalo Ghee (1 pc),Ksheer,04059020,,0,,5.0,0.0,690.0,540.0,558.25,560.0,1,DS Group,FOOD,ALL,"General A, General B, General C, Chemist A, Chemist B, Chemist C, Paan A, Paan B, Paan C, General Trade, Wholesaler, ","LVLF, LVHF, HVLF, HVHF, ",,"HB009, HB010, HB004, ",DS Group Products,No,No,12,16.5,10.5,7.5,0.001299375,900.0,G,TETRA_PACK,SKU700,ACTIVE
P-1032,Ksheer Desi Ghee 1Pcs,SKU701,Dairy,Ghee,Ksheer Buffalo Ghee (Pack of 1),DS Group,04059020,,0,,5.0,0.0,690.0,540.0,558.38,560.0,1,DS Group,FOOD,ALL,"General A, General B, General C, Chemist A, Chemist B, Chemist C, Paan A, Paan B, Paan C, General Trade, Wholesaler, ","HVHF, HVLF, LVHF, LVLF, ",,"HB002, HB003, HB004, HB005, HB007, HB008, ",DS Group Products,No,No,12,16.5,10.5,7.5,0.001299375,900.0,G,TETRA_PACK,SKU701,ACTIVE
P-1033,Ksheer Cow Ghee (1 pc),SKU702,Dairy,Ghee,Ksheer Cow Ghee (1 pc),Ksheer,04059020,,0,,5.0,0.0,630.0,485.0,504.25,505.0,1,DS Group,FOOD,ALL,"General A, General B, General C, Chemist A, Chemist B, Chemist C, Paan A, Paan B, Paan C, General Trade, Wholesaler, ",,,"HB004, HB011, ",DS Group Products,No,No,12,16.5,10.5,7.5,0.001299375,1.0,L,TETRA_PACK,SKU702,ACTIVE
P-1034,Ksheer Cow Ghee ,SKU704,Dairy,Ghee,Ksheer Cow Ghee (Pack of 1),DS Group,04059020,,0,,5.0,0.0,630.0,560.0,578.26,580.0,1,DS Group,FOOD,ALL,"General A, General B, General C, Chemist A, Chemist B, Chemist C, Paan A, Paan B, Paan C, General Trade, Wholesaler, ","LVLF, LVHF, HVLF, HVHF, ",,"HB002, HB003, HB004, HB005, HB007, HB008, HB010, ",DS Group Products,No,No,12,16.5,10.5,7.5,0.001299375,900.0,G,TETRA_PACK,SKU704,ACTIVE
P-1047,Lux velvet glow Soap Rs.10,SKU801,Personal Care,Soap,Lux Velvet Glow Soap,HUL,3401,,0,,18.0,0.0,240.0,211.75,214.69,215.0,24,HUL,NON_FOOD,ALL,"General A, General B, General C, Chemist A, Chemist B, Chemist C, Paan A, Paan B, Paan C, General Trade, Wholesaler, ","LVLF, LVHF, HVLF, HVHF, ",,"HB002, HB003, HB007, HB008, HB009, HB010, HB011, HB004, HB005, ",Non-DS Products,No,No,36,7.5,5.0,2.0,0.0018,45.0,G,SOAP_BAR,SKU801,ACTIVE
P-1048,Lifebuoy Soap Rs.10,SKU802,Personal Care,Soap,Lifebuoy Soap,HUL,3401,,0,,18.0,0.0,240.0,212.29,214.69,215.0,24,HUL,NON_FOOD,ALL,"General A, General B, General C, Chemist A, Chemist B, Chemist C, Paan A, Paan B, Paan C, General Trade, Wholesaler, ","LVLF, LVHF, HVLF, HVHF, ",,"HB002, HB003, HB007, HB009, HB011, HB008, ",Non-DS Products,No,No,30,7.5,5.0,2.0,0.0018,55.0,G,SOAP_BAR,SKU802,ACTIVE
P-1066,Clinic Plus Shampoo (320 pcs),SKU817,Personal Care,Shampoo,Clinic Plus Shampoo (Extra Discount) (320 pcs),HUL,330510,,0,,18.0,0.0,320.0,233.0,249.63,250.0,320,HUL,NON_FOOD,ALL,"General A, General B, General C, Chemist A, Chemist B, Chemist C, Paan A, Paan B, Paan C, General Trade, Wholesaler, ","LVLF, LVHF, HVLF, HVHF, ",,"HB002, HB003, HB004, HB005, HB007, HB008, HB009, HB010, HB011, ",Non-DS Products,No,No,18,7.5,4.5,2.0,0.0216,6.0,ML,LADI,SKU817,ACTIVE
P-1067,TZ 00 50g Tin,SKU614,Zarda,Tulsi,TZ (00) 50g Tin,DS Group,2403,,0,,28.0,56.0,800.0,724.17,761.75,764.0,1,DS Group,NON_FOOD,ALL,"General A, General B, General C, Chemist A, Chemist B, Chemist C, Paan A, Paan B, Paan C, General Trade, Wholesaler, ","LVLF, LVHF, HVLF, HVHF, ",,"HB005, HB010, HB002, HB003, HB004, HB007, ",DS Group Products,No,Yes,12,7.0,7.0,8.0,3.92E-4,50.0,G,TIN,SKU614,ACTIVE
P-1078,Britannia Good Day Butter 42 Pcs,SKU828,Biscuits,Britannia,Good Day - Butter 10,Britannia,19053100,,0,,18.0,0.0,420.0,350.0,369.44,370.0,42,Britannia,FOOD,ALL,"General A, General B, General C, Chemist A, Chemist B, Chemist C, Paan A, Paan B, Paan C, General Trade, Wholesaler, ","LVLF, LVHF, HVLF, HVHF, ",,"HB002, HB003, HB004, HB005, HB007, HB008, HB009, HB010, HB011, ",Non-DS Products,No,No,6,7.5,4.0,4.0,0.00504,58.0,G,LADI,SKU828,ACTIVE
P-1092,Britannia Good Day - Butter (84 Pcs),SKU464,Biscuits,Britannia,Good Day - Butter Rs.10,Britannia,19053100,,0,,18.0,0.0,840.0,700.0,733.9,735.0,84,Britannia,FOOD,ALL,"General A, General B, General C, Chemist A, Chemist B, Chemist C, Paan A, Paan B, Paan C, General Trade, Wholesaler, ","LVLF, LVHF, HVLF, HVHF, ",,"HB002, HB003, HB004, HB005, HB007, HB008, HB009, HB010, HB011, ",Non-DS Products,No,No,6,7.5,4.0,4.0,0.01008,58.0,G,LADI,SKU828,ACTIVE
P-1095,TZ 00 10g TIN,SKU00110,Zarda,Tulsi,Tulsi 00 (10+1)g,DS Group,2403,,0,,28.0,56.0,185.0,167.79,176.47,177.0,1,DS Group,NON_FOOD,ALL,"General A, General B, General C, Chemist A, Chemist B, Chemist C, Paan A, Paan B, Paan C, General Trade, Wholesaler, ","LVLF, LVHF, HVLF, HVHF, ",,"HB004, HB005, HB007, HB008, HB009, HB010, HB002, HB003, ",DS Group Products,No,Yes,12,6.0,6.0,3.0,1.08E-4,11.0,G,TIN,SKU00110,ACTIVE
P-1096,Clinic Plus Shampoo (960 pcs),SKU467,Personal Care,Shampoo,Clinic Plus Shampoo (960 pcs),HUL,330510,,0,,18.0,0.0,960.0,701.0,718.92,720.0,960,HUL,NON_FOOD,ALL,"General A, General B, General C, Chemist A, Chemist B, Chemist C, Paan A, Paan B, Paan C, General Trade, Wholesaler, ","LVLF, LVHF, HVLF, HVHF, ",,"HB002, HB003, HB004, HB005, HB007, HB008, HB009, HB010, HB011, ",Non-DS Products,No,No,18,7.5,4.5,2.0,0.0648,6.0,ML,LADI,SKU817,ACTIVE
P-1103,O2R Big Orange Candy Jar,SKU469,Confectionery,O2R Big candy,O2R Big Orange (167 pcs),DS Group,1704,,0,,12.0,0.0,167.0,91.85,98.71,99.0,1,DS Group,FOOD,ALL,"General A, General B, General C, Chemist A, Chemist B, Chemist C, Paan A, Paan B, Paan C, General Trade, Wholesaler, ","LVLF, LVHF, HVLF, HVHF, ",,"HB002, HB003, HB004, HB005, HB007, HB008, HB009, HB010, HB011, ",DS Group Products,No,No,12,9.5,9.5,23.0,0.00207575,4.0,G,JAR,SKU469,ACTIVE
P-1104,O2R Big Mango Candy Jar,SKU470,Confectionery,O2R Big candy,O2R Big Mango (167 pcs),DS Group,1704,,0,,12.0,0.0,167.0,91.85,98.71,99.0,1,DS Group,FOOD,ALL,"General A, General B, General C, Chemist A, Chemist B, Chemist C, Paan A, Paan B, Paan C, General Trade, Wholesaler, ","LVLF, LVHF, HVLF, HVHF, ",,"HB002, HB003, HB004, HB005, HB007, HB008, HB009, HB010, HB011, ",DS Group Products,No,No,12,9.5,9.5,23.0,0.00207575,4.0,G,JAR,SKU470,ACTIVE
P-1112,Haldiram - Bhujia (24 pcs),SKU478,Namkeen,Haldiram,Haldiram - Bhujia (24 pcs),Haldiram,21069099,,1,,12.0,0.0,240.0,192.72,200.7,201.0,24,Haldiram,FOOD,ALL,"General A, General B, General C, Chemist A, Chemist B, Chemist C, Paan A, Paan B, Paan C, General Trade, Wholesaler, ","LVLF, LVHF, HVLF, HVHF, ",,"HB002, HB003, HB004, HB005, HB007, HB008, HB009, HB010, HB011, ",Non-DS Products,No,No,5,12.5,8.5,3.0,0.00765,38.0,G,LADI,SKU478,ACTIVE
P-1113,Haldiram - Punjabi Tadka (24 pcs),SKU479,Namkeen,Haldiram,Haldiram - Punjabi Tadka (24 pcs),Haldiram,21069091,,1,,12.0,0.0,240.0,192.72,200.7,201.0,24,Haldiram,FOOD,ALL,"General A, General B, General C, Chemist A, Chemist B, Chemist C, Paan A, Paan B, Paan C, General Trade, Wholesaler, ","LVLF, LVHF, HVLF, HVHF, ",,"HB002, HB003, HB004, HB005, HB007, HB008, HB010, HB009, ",Non-DS Products,No,No,5,13.5,10.5,2.5,0.008505,42.0,G,LADI,SKU479,ACTIVE
P-1114,Haldiram - Nut Cracker (24 pcs),SKU480,Namkeen,Haldiram,Haldiram - Nut Cracker (24 pcs),Haldiram,21069091,,1,,12.0,0.0,240.0,192.72,200.7,201.0,24,Haldiram,FOOD,ALL,"General A, General B, General C, Chemist A, Chemist B, Chemist C, Paan A, Paan B, Paan C, General Trade, Wholesaler, ","LVLF, LVHF, HVLF, HVHF, ",,"HB002, HB003, HB004, HB005, HB007, HB008, HB009, HB010, ",Non-DS Products,No,No,5,12.5,8.5,3.0,0.00765,42.0,G,LADI,SKU480,ACTIVE
P-1116,Haldiram - Navratan (24 pcs),SKU482,Namkeen,Haldiram,Haldiram - Navratan (24 pcs),Haldiram,21069091,,1,,12.0,0.0,240.0,192.72,200.7,201.0,24,Haldiram,FOOD,ALL,"General A, General B, General C, Chemist A, Chemist B, Chemist C, Paan A, Paan B, Paan C, General Trade, Wholesaler, ","LVLF, LVHF, HVLF, HVHF, ",,"HB002, HB003, HB004, HB005, HB007, HB008, HB010, HB011, HB009, ",Non-DS Products,No,No,5,12.5,8.5,3.0,0.00765,42.0,G,LADI,SKU482,ACTIVE
P-1117,Haldiram - Moong Dal (24 pcs),SKU483,Namkeen,Haldiram,Haldiram - Moong Dal (24 pcs),Haldiram,21069091,,0,,12.0,0.0,240.0,192.72,200.7,201.0,24,Haldiram,FOOD,ALL,"Chemist A, Chemist B, Chemist C, General A, General B, General C, Paan A, Paan B, Paan C, Wholesaler, ","HVHF, HVLF, LVHF, LVLF, ",,"HB002, HB003, HB004, HB005, HB007, HB009, HB010, HB008, ",Non-DS Products,No,No,5,12.5,8.5,3.0,0.00765,35.0,G,LADI,SKU483,ACTIVE
P-1130,Haldiram - Khatta Meetha (24 pcs),SKU497,Namkeen,Haldiram,Haldiram - Khatta Meetha (24 pcs),Haldiram,21069091,,0,,12.0,0.0,240.0,192.72,200.7,201.0,24,Haldiram,FOOD,ALL,"General A, General B, General C, Chemist A, Chemist B, Chemist C, Paan A, Paan B, Paan C, General Trade, Wholesaler, ","LVLF, LVHF, HVLF, HVHF, ",,"HB002, HB003, HB004, HB005, HB007, HB008, HB009, HB010, ",Non-DS Products,No,No,5,12.5,8.5,3.0,0.00765,55.0,G,LADI,SKU497,ACTIVE
P-1133,Haldiram - Salted Peanuts (24 pcs),SKU500,Namkeen,Haldiram,Haldiram - Salted Peanuts (24 pcs),Haldiram,21069099,,0,,12.0,0.0,240.0,192.72,200.7,201.0,24,Haldiram,FOOD,ALL,"General A, General B, General C, Chemist A, Chemist B, Chemist C, Paan A, Paan B, Paan C, General Trade, Wholesaler, ","LVLF, LVHF, HVLF, HVHF, ",,"HB004, HB005, HB007, HB008, HB010, ",Non-DS Products,No,No,5,12.5,8.5,3.0,0.00765,45.0,G,LADI,SKU500,ACTIVE
P-1134,Haldiram - Aloo Bhujia (24 pcs),SKU501,Namkeen,Haldiram,Haldiram - Aloo Bhujia (24 pcs),Haldiram,21069099,,1,,12.0,0.0,240.0,192.72,200.7,201.0,24,Haldiram,FOOD,ALL,"General A, General B, General C, Chemist A, Chemist B, Chemist C, Paan A, Paan B, Paan C, General Trade, Wholesaler, ","LVLF, LVHF, HVLF, HVHF, ",,"HB003, HB004, HB005, HB007, HB008, HB009, HB010, HB011, HB002, ",Non-DS Products,No,No,5,12.5,8.5,3.0,0.00765,42.0,G,JAR,SKU501,ACTIVE
P-1146,Britannia Tiger Krunch 180 Pcs,SKU511,Biscuits,Britannia,Britannia Tiger Krunch (â‚¹5),Britannia,19053100,,0,,18.0,0.0,900.0,750.0,763.88,765.0,180,Britannia,FOOD,ALL,"Chemist A, Chemist B, Chemist C, General A, General B, General C, General Trade, Paan A, Paan B, Paan C, Wholesaler, ","HVHF, HVLF, LVHF, LVLF, ",,"HB002, HB003, HB004, HB005, HB007, HB008, HB009, HB010, HB011, ",Non-DS Products,No,No,6,7.5,4.0,4.0,0.0216,110.0,KG,CASE,SKU540,ACTIVE
P-1148,Perfect Roll - White,SKU513,Smoking Accessories,Pre Rolled Paper Cones,Perfect Roll - White (55 pcs),Bongchie,0000,,0,,18.0,0.0,825.0,180.0,199.41,200.0,1,Bongchie,NON_FOOD,ALL,"General A, General B, General C, Chemist A, Chemist B, Chemist C, Paan A, Paan B, Paan C, General Trade, Wholesaler, ","LVLF, LVHF, HVLF, HVHF, ",,"HB002, HB003, HB004, HB005, HB006, HB007, HB008, HB009, HB010, TEST HUB, HB001, HB011, ",Non-DS Products,No,No,24,15.0,7.0,13.0,0.001365,160.0,G,BOX,SKU513,ACTIVE
P-1149,Perfect Roll - Brown,SKU514,Smoking Accessories,Pre Rolled Paper Cones,Perfect Roll - Brown (55 pcs),Bongchie,0000,,0,,18.0,0.0,825.0,180.0,199.41,200.0,1,Bongchie,NON_FOOD,ALL,"General A, General B, General C, Chemist A, Chemist B, Chemist C, Paan A, Paan B, Paan C, General Trade, Wholesaler, ","LVLF, LVHF, HVLF, HVHF, ",,"HB002, HB003, HB004, HB005, HB006, HB007, HB008, HB009, HB010, TEST HUB, HB001, HB011, ",Non-DS Products,No,No,24,15.0,7.0,13.0,0.001365,160.0,G,BOX,SKU514,ACTIVE
P-1152,Thrice A Day - White,SKU517,Smoking Accessories,Rolling Paper with Filter Value Pack,Thrice A Day - White ,Bongchie,0000,,0,,18.0,0.0,1500.0,210.0,269.19,270.0,3,Bongchie,NON_FOOD,ALL,"General A, General B, General C, Chemist A, Chemist B, Chemist C, Paan A, Paan B, Paan C, General Trade, Wholesaler, ","LVLF, LVHF, HVLF, HVHF, ",,"HB002, HB003, HB004, HB005, HB007, HB008, HB009, HB010, HB011, ",Non-DS Products,No,No,24,12.0,6.0,3.5,7.56E-4,134.0,G,BOX,SKU517,ACTIVE
P-1153,Thrice A Day - Natural,SKU518,Smoking Accessories,Rolling Paper with Filter Value Pack,Thrice A Day - Brown (50 pcs),Bongchie,0000,,0,,18.0,0.0,1500.0,210.0,269.19,270.0,3,Bongchie,NON_FOOD,ALL,"General A, General B, General C, Chemist A, Chemist B, Chemist C, Paan A, Paan B, Paan C, General Trade, Wholesaler, ","LVLF, LVHF, HVLF, HVHF, ",,"HB002, HB003, HB004, HB005, HB007, HB008, HB009, HB010, HB011, ",Non-DS Products,No,No,24,12.0,6.0,3.5,7.56E-4,134.0,G,BOX,SKU518,ACTIVE
P-1156,Mozo with Filter - White,SKU521,Smoking Accessories,Rolling Paper with Filter Booklet,Mozo with Filter - White (22 pcs),Bongchie,0000,,0,,18.0,0.0,1760.0,435.0,498.57,500.0,1,Bongchie,NON_FOOD,ALL,"General A, General B, General C, Chemist A, Chemist B, Chemist C, Paan A, Paan B, Paan C, General Trade, Wholesaler, ","LVLF, LVHF, HVLF, HVHF, ",,"HB002, HB003, HB004, HB005, HB007, HB008, HB009, HB010, HB011, ",Non-DS Products,No,No,24,13.5,12.0,6.5,0.001053,370.0,G,BOX,SKU521,ACTIVE
P-1157,Mozo with Filter - Brown,SKU522,Smoking Accessories,Rolling Paper with Filter Booklet,Mozo with Filter - Brown (22 pcs),Bongchie,0000,,0,,18.0,0.0,1980.0,435.0,498.5,500.0,1,Bongchie,NON_FOOD,ALL,"General A, General B, General C, Chemist A, Chemist B, Chemist C, Paan A, Paan B, Paan C, General Trade, Wholesaler, ","LVLF, LVHF, HVLF, HVHF, ",,"HB002, HB003, HB004, HB005, HB007, HB008, HB009, HB010, HB011, ",Non-DS Products,No,No,24,13.5,12.0,6.5,0.001053,370.0,G,BOX,SKU522,ACTIVE
P-1181,Britannia Tiger Krunch 60 Pcs,SKU540,Biscuits,Britannia,Britannia Tiger Krunch,Britannia,19053100,,0,,18.0,0.0,300.0,250.0,264.63,265.0,60,Britannia,FOOD,ALL,"General A, General B, General C, Chemist A, Chemist B, Chemist C, Paan A, Paan B, Paan C, General Trade, Wholesaler, ","LVLF, LVHF, HVLF, HVHF, ",,"HB002, HB003, HB004, HB005, HB007, HB008, HB009, HB010, HB011, ",Non-DS Products,No,No,6,7.5,4.0,4.0,0.0072,27.0,G,LADI,SKU540,ACTIVE
P-1184,Smackers - Chocolate Lollipops,SKU543,LuvIt,LuvIt Smackers - Chocolate Lollipops,"Smackers - Chocolate Lollipops (Chocolate, Vanilla, Strawberry, Butterscotch)",LuvIt,18069020,8906079011362,0,,18.0,0.0,240.0,193.51,207.38,208.0,48,DS Group,FOOD,ALL,"General A, General B, General C, Chemist A, Chemist B, Chemist C, Paan A, Paan B, Paan C, General Trade, Wholesaler, ","LVLF, LVHF, HVLF, HVHF, ",,"HB002, HB003, HB004, HB005, HB007, HB008, HB009, HB010, HB011, ",DS Group Products,No,No,12,15.0,3.0,2.0,0.00432,10.0,G,HANGER,SKU543,ACTIVE
P-1185,Smackers - Fruit Lollipops,SKU544,LuvIt,LuvIt Smacker - Fruit Lollipops,"Smacker - Fruit Lollipops (Blue Lemonade, Watermelon, Mango, Green Apple)",LuvIt,17049020,8906079011348,0,,12.0,0.0,240.0,193.51,207.38,208.0,48,DS Group,FOOD,ALL,"General A, General B, General C, Chemist A, Chemist B, Chemist C, Paan A, Paan B, Paan C, General Trade, Wholesaler, ","LVLF, LVHF, HVLF, HVHF, ",,"HB002, HB003, HB004, HB005, HB007, HB008, HB009, HB010, HB011, ",DS Group Products,No,No,12,15.0,3.0,2.0,0.00432,10.0,G,HANGER,SKU544,ACTIVE
P-1189,Maggi Masala-Ae-Magic,SKU545,Grocery,Instant Noodles,Maggi Masala-Ae-Magic,Nestle,19023010,,0,,12.0,0.0,300.0,269.75,271.59,272.0,60,Nestle,FOOD,ALL,"General A, General B, General C, Chemist A, Chemist B, Chemist C, Paan A, Paan B, Paan C, General Trade, Wholesaler, ","LVLF, LVHF, HVLF, HVHF, ",,"HB002, HB003, HB004, HB005, HB007, HB008, HB009, HB010, ",Non-DS Products,No,No,9,10.0,9.5,1.5,0.00855,6.5,G,LADI,SKU545,ACTIVE
P-1192,Nescafe Classic Coffee Rs.2,SKU547,Grocery,Instant Coffee,Nescafe Classic Coffee Rs.2,Nestle,21011120,,100,,18.0,0.0,288.0,256.96,259.25,260.0,144,Nestle,FOOD,ALL,"Chemist A, Chemist B, Chemist C, General A, General B, General C, Paan A, Paan B, Paan C, Wholesaler, ","HVHF, HVLF, LVHF, LVLF, ",,"HB002, HB003, HB004, HB005, HB007, HB008, HB010, HB009, ",Non-DS Products,No,No,12,25.0,15.5,2.0,0.1116,0.9,G,POUCH,SKU547,ACTIVE
P-1199,Lux Soft Glow (24 pcs),SKU551,Personal Care,Soap,Lux Soft Glow (24 pcs),HUL,3401,,0,,18.0,0.0,240.0,207.22,214.69,215.0,24,HUL,NON_FOOD,ALL,"General A, General B, General C, Chemist A, Chemist B, Chemist C, Paan A, Paan B, Paan C, General Trade, Wholesaler, ","LVLF, LVHF, HVLF, HVHF, ",,"HB002, HB007, HB008, HB009, HB010, ",Non-DS Products,No,No,36,5.5,8.0,2.5,0.00264,50.0,G,SOAP_BAR,SKU551,ACTIVE
P-1201,Sunsilk Black Shampoo (320 pcs),SKU553,Personal Care,Shampoo,Sunsilk Black Shampoo (320 pcs),HUL,330510,,0,,18.0,0.0,320.0,233.66,235.29,236.0,320,HUL,NON_FOOD,ALL,"General A, General B, General C, Chemist A, Chemist B, Chemist C, Paan A, Paan B, Paan C, General Trade, Wholesaler, ","LVLF, LVHF, HVLF, HVHF, ",,"HB002, HB004, HB007, HB008, ",Non-DS Products,No,No,18,7.5,4.5,2.0,0.0216,6.0,ML,LADI,SKU553,ACTIVE
P-1203,Red Bull (4 pcs),SKU557,Beverage,Cold Drink,Red Bull (4 pcs),Redbull,22029990,,0,,28.0,12.0,500.0,358.33,373.88,375.0,4,Redbull,FOOD,ALL,"General A, General B, General C, Chemist A, Chemist B, Chemist C, Paan A, Paan B, Paan C, General Trade, Wholesaler, ",,,"HB002, HB003, HB004, HB005, HB007, HB008, HB009, HB010, ",Non-DS Products,No,No,24,5.5,5.5,13.5,0.0016335,250.0,ML,CAN,SKU557,ACTIVE
P-1204,Yippee Magic Masala,SKU558,Grocery,Instant Noodles,Yippee Magic Masala,ITC,19023010,,0,,12.0,0.0,288.0,199.0,199.41,200.0,24,ITC,FOOD,ALL,"General A, General B, General C, Chemist A, Chemist B, Chemist C, Paan A, Paan B, Paan C, General Trade, Wholesaler, ","LVLF, LVHF, HVLF, HVHF, ",,"HB001, ",Non-DS Products,No,No,9,13.0,11.5,3.0,0.010764,60.0,G,WRAPPER,SKU558,ACTIVE
P-1209,Cadbury Oreo Creame Biscuit - Vanilla,SKU562,Biscuits,Cadbury,Cadbury Oreo Creme Biscuits - Vanilla,Cadbury,19053100,,0,,18.0,0.0,240.0,197.41,204.38,205.0,24,Cadbury,FOOD,ALL,"General A, General B, General C, Chemist A, Chemist B, Chemist C, Paan A, Paan B, Paan C, General Trade, Wholesaler, ","LVLF, LVHF, HVLF, HVHF, ",,"HB002, HB003, HB004, HB005, HB007, HB008, HB009, HB010, HB011, ",Non-DS Products,No,No,6,11.0,6.0,4.5,0.007128,46.0,G,MASTER_POUCH,SKU562,ACTIVE
P-1215,Britannia Good Day - Cashew 24 Pcs,SKU567,Biscuits,Britannia,Britannia Good Day - Cashew,Britannia,19053100,,0,,18.0,0.0,240.0,201.66,209.63,210.0,24,Britannia,FOOD,ALL,"General A, General B, General C, Chemist A, Chemist B, Chemist C, Paan A, Paan B, Paan C, General Trade, Wholesaler, ","LVLF, LVHF, HVLF, HVHF, ",,"HB002, HB003, HB004, HB005, HB007, HB008, HB009, HB010, HB011, ",Non-DS Products,No,No,6,7.5,4.0,4.0,0.00288,53.0,G,LADI,SKU567,ACTIVE
P-1222,Limca,SKU573,Beverage,Cold Drink,Limca Rs.20,Coca Cola,22029990,,10,,28.0,12.0,300.0,235.0,248.25,249.0,15,Coca Cola,FOOD,ALL,"Chemist A, Chemist B, Chemist C, General A, General B, General C, Paan A, Paan B, Paan C, Wholesaler, ","HVHF, HVLF, LVHF, LVLF, ",,"HB002, HB003, HB005, HB007, HB010, HB009, ",Non-DS Products,No,No,5,5.5,5.5,18.0,0.0081675,250.0,ML,PET_BOTTLE,SKU573,ACTIVE
P-1223,Thums Up,SKU574,Beverage,Cold Drink,Thums Up Rs.20/-,Coca Cola,22029990,,100,,28.0,12.0,300.0,235.0,244.26,245.0,15,Coca Cola,FOOD,ALL,"Chemist A, Chemist B, Chemist C, General A, General B, General C, Paan A, Paan B, Paan C, Wholesaler, ","HVHF, HVLF, LVHF, LVLF, ",,"HB002, HB003, HB004, HB005, HB007, HB008, HB009, HB010, ",Non-DS Products,No,No,5,5.5,5.5,18.0,0.0081675,250.0,ML,PET_BOTTLE,SKU574,ACTIVE
P-1224,Coke 250ML,SKU575,Beverage,Cold Drink,Coca Cola Rs.20,Coca Cola,22029990,,10,,28.0,12.0,300.0,235.0,248.25,249.0,15,Coca Cola,FOOD,ALL,"Chemist A, Chemist B, Chemist C, General A, General B, General C, Paan A, Paan B, Paan C, Wholesaler, ","HVHF, HVLF, LVHF, LVLF, ",,"HB002, HB003, HB004, HB005, HB007, HB009, HB008, ",Non-DS Products,No,No,5,5.5,5.5,18.0,0.0081675,250.0,ML,PET_BOTTLE,SKU575,ACTIVE
P-1225,Lahori Zeera,SKU576,Beverage,Cold Drink,Lahori Zeera,Lahori Jeera ,22029990,,1,,28.0,12.0,240.0,182.0,189.72,190.0,24,Archian Foods Private Limited. ,FOOD,ALL,"General A, General B, General C, Chemist A, Chemist B, Chemist C, Paan A, Paan B, Paan C, General Trade, Wholesaler, ","LVLF, LVHF, HVLF, HVHF, ",,"HB002, HB003, HB004, HB005, HB007, HB008, HB009, HB010, ",Non-DS Products,No,No,4,6.0,6.0,14.0,0.012096,160.0,ML,CASE,SKU576,ACTIVE
P-1251,Britannia Jimjam Rs.5,SKU597,Biscuits,Britannia,Britannia Jimjam Rs.5 (56 pcs),Britannia,19053100,,0,,18.0,0.0,280.0,234.94,249.63,250.0,2,Britannia,FOOD,ALL,"General A, General B, General C, Chemist A, Chemist B, Chemist C, Paan A, Paan B, Paan C, General Trade, Wholesaler, ",,,"HB002, HB003, HB004, HB005, HB007, HB008, HB009, HB010, HB011, ",Non-DS Products,No,No,6,10.0,10.0,26.0,0.0052,25.0,G,JAR,SKU597,ACTIVE
P-1265,Center Fruit,SKU612,Confectionery,Perfetti Van Melle,Center Fruit (200 pcs),PVM,17041000,,0,,18.0,0.0,210.0,179.0,184.44,185.0,1,PVM,FOOD,ALL,"General A, General B, General C, Chemist A, Chemist B, Chemist C, Paan A, Paan B, Paan C, General Trade, Wholesaler, ","LVLF, LVHF, HVLF, HVHF, ",,"HB002, HB003, HB004, HB005, HB007, HB008, HB009, HB010, HB011, ",Non-DS Products,No,No,12,12.0,12.0,24.0,0.003456,3.0,G,JAR,SKU612,ACTIVE
P-1266,Center Fresh,SKU613,Confectionery,Perfetti Van Melle,Center Fresh (225 pcs),PVM,17041000,,0,,18.0,0.0,225.0,192.0,198.41,199.0,1,PVM,FOOD,ALL,"General A, General B, General C, Chemist A, Chemist B, Chemist C, Paan A, Paan B, Paan C, General Trade, Wholesaler, ","LVLF, LVHF, HVLF, HVHF, ",,"HB002, HB003, HB004, HB005, HB007, HB008, HB009, HB010, HB011, ",Non-DS Products,No,No,12,12.0,12.0,24.0,0.003456,3.0,G,JAR,SKU613,ACTIVE
P-1268,Mentos Mint,SKU616,Confectionery,Perfetti Van Melle,Mentos Mint Rs.1 (200 pcs),PVM,17041000,,0,,18.0,0.0,200.0,182.23,182.45,183.0,1,PVM,FOOD,ALL,"General A, General B, General C, Chemist A, Chemist B, Chemist C, Paan A, Paan B, Paan C, General Trade, Wholesaler, ","LVLF, LVHF, HVLF, HVHF, ",,"HB002, HB003, HB004, HB005, HB007, HB008, HB009, HB010, ",Non-DS Products,No,No,18,11.0,11.0,22.5,0.0027225,2.7,G,JAR,SKU616,ACTIVE
P-1278,Test,DS786,Pan Masala,Rajnigandha,1,Tulsi,123456,,1,,18.0,0.0,1110.0,1110.0,1110.0,1110.0,1,,FOOD,ALL,,,,"HB001, ",DS Group Products,No,No,1,0.0,0.0,0.0,0.0,11.0,KG,JAR,DS786,ACTIVE
P-1288,Sting Energy Drink (15 pcs),SKU633,Beverage,Cold Drink,Sting Energy Drink (15 pcs),PepsiCo,22029990,,2,,28.0,12.0,300.0,244.0,254.23,255.0,15,PepsiCo,FOOD,ALL,"General A, General B, General C, Chemist A, Chemist B, Chemist C, Paan A, Paan B, Paan C, General Trade, Wholesaler, ","LVLF, LVHF, HVLF, HVHF, ",,"HB002, HB003, HB004, HB005, HB007, HB008, HB009, HB010, HB011, ",Non-DS Products,No,No,4,5.0,5.0,19.0,0.007125,250.0,ML,PET_BOTTLE,SKU633,ACTIVE
P-1295,Jumbo Jar Combo(Pulse Jumbo Jar+CenterFresh+Fruit),SKU637,Confectionery,Combo,Center Fresh + Pulse Jumbo Jar + Center Fruit,Combos,12345678,,95,,18.0,0.0,1025.0,806.0,838.75,840.0,3,Combos,FOOD,ALL,"General A, General B, General C, Chemist A, Chemist B, Chemist C, Paan A, Paan B, Paan C, General Trade, Wholesaler, ","LVLF, LVHF, HVLF, HVHF, ",,"HB001, ",Non-DS Products,No,No,12,16.5,15.5,35.5,0.027237375,17.0,G,JAR,SKU637,ACTIVE
P-1303,Happydent White,SKU645,Confectionery,Perfetti Van Melle,Happydent White (205 pcs),PVM,17041000,,0,,18.0,0.0,205.0,179.88,183.44,184.0,1,PVM,FOOD,ALL,"General A, General B, General C, Chemist A, Chemist B, Chemist C, Paan A, Paan B, Paan C, General Trade, Wholesaler, ","LVLF, LVHF, HVLF, HVHF, ",,"HB002, HB003, HB004, HB005, HB007, HB008, HB009, HB010, ",Non-DS Products,No,No,12,10.0,10.0,22.0,0.0022,2.0,G,JAR,SKU645,ACTIVE
P-1305,Cadbury Oreo Creame Biscuit - Vanilla,SKU646,Biscuits,Cadbury,Cadbury Oreo Vanilla,Cadbury,19053100,,0,,18.0,0.0,1200.0,987.0,1021.93,1025.0,120,Cadbury,FOOD,ALL,"General A, General B, General C, Chemist A, Chemist B, Chemist C, Paan A, Paan B, Paan C, General Trade, Wholesaler, ","LVLF, LVHF, HVLF, HVHF, ",,"HB002, HB009, HB007, ",Non-DS Products,No,No,6,11.0,6.0,4.5,0.03564,46.0,G,CASE,SKU562,ACTIVE
P-1306,Marlboro Advance (Compact),SKU647,Cigarette,GPI,Marlboro Advance (Compact),Marlboro,24022040,,10,,28.0,5.0,1900.0,1550.0,1565.3,1570.0,20,Marlboro,NON_FOOD,ALL,"General A, General B, General C, Chemist A, Chemist B, Chemist C, Paan A, Paan B, Paan C, General Trade, Wholesaler, ","LVLF, LVHF, HVLF, HVHF, ",,"HB002, ",Non-DS Products,No,Yes,24,23.0,8.5,7.5,0.029325,25.0,G,IC,SKU647,ACTIVE
P-1310,Slice Tetra Pack Rs.10,SKU651,Beverage,Mango Drink,Slice Tetra Pack Rs.10,PepsiCo,22029920,,1,,12.0,0.0,400.0,270.0,279.19,280.0,40,PepsiCo,FOOD,ALL,"Chemist A, Chemist B, Chemist C, General A, General B, General C, Paan A, Paan B, Paan C, Wholesaler, ","HVHF, HVLF, LVHF, LVLF, ",,"HB002, HB003, HB004, HB005, HB010, HB009, HB008, ",Non-DS Products,No,No,5,5.5,5.5,18.0,0.02178,125.0,ML,CASE,SKU651,ACTIVE
P-1327,Alpenliebe Creamfills Butter Toffee,SKU669,Confectionery,Perfetti Van Melle,Alpenliebe Creamfills (200 pcs),Alpenliebe,17041000,,0,,18.0,0.0,210.0,179.0,184.44,185.0,1,Perfetti Van Melle,FOOD,ALL,"General A, General B, General C, Chemist A, Chemist B, Chemist C, Paan A, Paan B, Paan C, General Trade, Wholesaler, ","LVLF, LVHF, HVLF, HVHF, ",,"HB002, HB003, HB004, HB005, HB007, HB008, HB009, HB010, HB011, ",Non-DS Products,No,No,12,12.0,12.0,24.0,0.003456,2.6,G,JAR,SKU669,ACTIVE
P-1335,Naturaly imli,SKU777,Confectionery,GPI,GPI Naturaly Imli (220 pcs),GPI,17049090,,0,,18.0,0.0,220.0,135.0,139.6,140.0,1,GPI,FOOD,ALL,"General A, General B, General C, Chemist A, Chemist B, Chemist C, Paan A, Paan B, Paan C, General Trade, Wholesaler, ","LVLF, LVHF, HVLF, HVHF, ",,"HB002, HB003, HB004, HB005, HB007, HB008, HB009, HB010, HB011, ",Non-DS Products,No,No,12,12.0,12.0,24.0,0.003456,3.0,G,JAR,SKU777,ACTIVE
P-1339,Luvit Eclairs,SKU781,LuvIt,Luvit Eclairs,Luvit Eclairs,LuvIt,18069020,,0,,18.0,0.0,142.0,117.41,124.82,125.0,1,DS Group,FOOD,ALL,"General A, General B, General C, Chemist A, Chemist B, Chemist C, Paan A, Paan B, Paan C, General Trade, Wholesaler, ","LVLF, LVHF, HVLF, HVHF, ",,"HB003, HB004, HB005, HB007, HB008, HB009, HB010, HB011, HB002, ",DS Group Products,No,No,9,9.5,9.5,23.0,0.00207575,3.5,G,JAR,SKU781,ACTIVE
P-1349,Godrej No.1 Sandal And Turmeric,SKU791,Personal Care,Soap,Godrej No.1 Sandal Soap,Godrej,3401,,0,,18.0,0.0,240.0,210.0,214.67,215.0,24,Godrej,NON_FOOD,ALL,"General A, General B, General C, Chemist A, Chemist B, Chemist C, Paan A, Paan B, Paan C, General Trade, Wholesaler, ","LVLF, LVHF, HVLF, HVHF, ",,"HB002, HB003, HB004, HB005, HB007, HB008, HB009, HB010, HB011, ",Non-DS Products,No,No,30,7.5,5.0,2.0,0.0018,45.0,G,WRAPPER,SKU791,ACTIVE
P-1350,Godrej No.1 Lime And Aloe Soap,SKU792,Personal Care,Soap,Godrej No.1 Lime and Aloe Soap,Godrej,3401,,0,,18.0,0.0,240.0,210.0,214.67,215.0,24,Godrej,NON_FOOD,ALL,"General A, General B, General C, Chemist A, Chemist B, Chemist C, Paan A, Paan B, Paan C, General Trade, Wholesaler, ","LVLF, LVHF, HVLF, HVHF, ",,"HB002, HB003, HB004, HB005, HB007, HB008, HB009, HB010, HB011, ",Non-DS Products,No,No,30,7.5,5.0,2.0,0.0018,45.0,G,WRAPPER,SKU792,ACTIVE
P-1355,Sunfeast Mom's Magic Rich Cashew & Almond,SKU798,Biscuits,Sunfeast,Sunfeast Mom's Magic - Rich Cashew,ITC,19053100,,0,,18.0,0.0,360.0,289.44,299.13,300.0,36,ITC,FOOD,ALL,"General A, General B, General C, Chemist A, Chemist B, Chemist C, Paan A, Paan B, Paan C, General Trade, Wholesaler, ","LVLF, LVHF, HVLF, HVHF, ",,"HB007, HB008, HB010, HB002, HB003, HB004, HB005, HB011, HB009, ",Non-DS Products,No,No,6,7.5,4.0,4.0,0.00432,51.5,G,WRAPPER,SKU798,ACTIVE
P-1356,Act II Butter Popcorn,SKU799,Grocery,Popcorn,Act II Butter Popcorn,Act II,19041090,,1,,18.0,0.0,200.0,133.2,143.79,144.0,20,Act II,FOOD,ALL,"General A, General B, General C, Chemist A, Chemist B, Chemist C, Paan A, Paan B, Paan C, General Trade, Wholesaler, ","LVLF, LVHF, HVLF, HVHF, ",,"HB002, HB003, HB004, HB007, HB008, HB009, HB011, HB010, ",Non-DS Products,No,No,4,14.5,10.5,3.0,0.009135,27.0,G,LADI,SKU799,ACTIVE
P-1358,Sunsilk Pink Shampoo (320 pcs),SKU913,Personal Care,Shampoo,Sunsilk Pink Shampoo (320 pcs),HUL,330510,,0,,18.0,0.0,320.0,190.0,199.5,200.0,320,HUL,NON_FOOD,ALL,"General A, General B, General C, Chemist A, Chemist B, Chemist C, Paan A, Paan B, Paan C, General Trade, Wholesaler, ","LVLF, LVHF, HVLF, HVHF, ",,"HB004, ",Non-DS Products,No,No,18,7.5,4.5,2.0,0.0216,6.0,ML,LADI,SKU913,ACTIVE
P-1361,Rajnigandha 4g (27 pcs),SKU027,Pan Masala,Rajnigandha,Rajnigandha 4g (27 pc Ladi),DS Group,21069020,,0,,28.0,32.0,456.0,407.58,428.71,430.0,26,DS Group,FOOD,ALL,"General A, General B, General C, Chemist A, Chemist B, Chemist C, Paan A, Paan B, Paan C, General Trade, Wholesaler, ","LVLF, LVHF, HVLF, HVHF, ",,"HB001, ",DS Group Products,No,No,4,6.5,6.0,3.0,0.003042,4.0,G,LADI,SKU027,ACTIVE
P-1366,Creambell Kesar Badam (15 pcs),SKU920,Beverage,Flavoured Milk,Creambell Kesar Badam Milk (15 pcs),PepsiCo,22029930,,0,,12.0,0.0,300.0,242.5,254.23,255.0,15,PepsiCo,FOOD,ALL,"General A, General B, General C, Chemist A, Chemist B, Chemist C, Paan A, Paan B, Paan C, General Trade, Wholesaler, ","LVLF, LVHF, HVLF, HVHF, ",,"HB002, HB003, HB007, HB008, HB009, ",Non-DS Products,No,No,6,2.2,2.2,7.25,5.2635E-4,200.0,ML,PET_BOTTLE,SKU920,ACTIVE
SKU5,Tata Tea Premium ,SKUGR1,Grocery,Tea Leave,Tata Tea Premium 100g ,Tata Tea,09023020,,0,,5.0,0.0,200.0,169.91,174.73,175.0,5,Tata Consumer products,NON_FOOD,ALL,"Chemist A, Chemist B, Chemist C, General A, General B, General C, Paan A, Paan B, Paan C, Wholesaler, ","HVHF, HVLF, LVHF, LVLF, ",,"HB001, ",Non-DS Products,No,No,12,16.5,12.8,5.0,0.00528,100.0,G,POUCH,SKUGR1,ACTIVE
SKU6,Mother's Recipe Ginger Garlic Paste,SKUGR2,Grocery,Ginger Garlic Paste,MOTHERS RECIPE GINGER GARLIC PASTE 200 G,Mothers Recipe,20019000,,0,,12.0,0.0,250.0,125.0,129.63,130.0,5,Mother Recipe,FOOD,ALL,"Chemist A, Chemist B, Chemist C, General A, General B, General C, Paan A, Paan B, Paan C, Wholesaler, ","HVHF, HVLF, LVHF, LVLF, ",,"HB002, HB003, HB007, ",Non-DS Products,No,No,12,16.5,12.5,5.0,0.00515625,200.0,G,POUCH,SKUGR2,ACTIVE
SKU8,ENO Sachet ,SKUHM1,Health and Medicine,Juice,Eno Fruit Salt Rs.2/-,Eno,30049011,,0,,12.0,0.0,180.0,162.38,164.5,165.0,3,GSK,FOOD,ALL,"Chemist A, Chemist B, Chemist C, General A, General B, General C, Paan A, Paan B, Paan C, Wholesaler, ",,,"HB002, HB003, HB004, HB007, HB008, HB010, HB005, HB009, ",Non-DS Products,No,No,24,25.0,1.5,2.0,2.25E-4,5.0,G,BOX,SKUHM1,ACTIVE
SKU9,Sugar Free Gold 100 Pellets,SKUHM2,Health and Medicine,Sweetner ,Sugar Free Gold 100 Pellets,Suger Free,210690,,0,,12.0,0.0,240.0,190.57,191.42,192.0,3,Zydus Wellness,FOOD,ALL,"Chemist A, Chemist B, Chemist C, General A, General B, General C, Paan A, Paan B, Paan C, Wholesaler, ","HVHF, HVLF, LVHF, LVLF, ",,"HB002, HB003, HB004, HB005, HB007, HB008, ",Non-DS Products,No,No,24,43.0,23.0,19.0,0.056373,26.0,G,CAN,SKUHM2,ACTIVE
SKU10,Dettol Antiseptic Liquid,SKUHM3,Health and Medicine,Phone Candy Toy,Dettol Antiseptic Liquid ,Dettol,300490,,0,,12.0,0.0,402.0,355.63,369.44,370.0,10,Dettol,NON_FOOD,ALL,"Chemist A, Chemist B, Chemist C, General A, General B, General C, Paan A, Paan B, Paan C, Wholesaler, ","HVHF, HVLF, LVHF, LVLF, ",,"HB002, ",Non-DS Products,No,No,24,7.5,4.0,4.0,0.0012,60.0,ML,PET_BOTTLE,SKUHM3,ACTIVE
SKU11,Zandu Balm ,SKUHM4,Health and Medicine,Balm ,Zandu Balm 25 ML,Zandu Balm,30049011,,0,,12.0,0.0,240.0,90.0,99.71,100.0,2,Zanducare,NON_FOOD,ALL,"Chemist A, Chemist B, Chemist C, General A, General B, General C, Paan A, Paan B, Paan C, Wholesaler, ","HVHF, HVLF, LVHF, LVLF, ",,"HB002, HB003, HB004, HB005, HB007, HB008, ",Non-DS Products,No,No,24,8.0,4.0,8.0,5.12E-4,25.0,ML,CAN,SKUHM4,ACTIVE
SKU12,Tulip Swabs 100N,SKUHM5,Health and Medicine,Cotton Buds,Tulip Swabs 100N,Tulips,961900,,0,,12.0,0.0,400.0,202.0,209.69,210.0,8,Tulips Hygiene,NON_FOOD,ALL,"Chemist A, Chemist B, Chemist C, General A, General B, General C, Paan A, Paan B, Paan C, Wholesaler, ","HVHF, HVLF, LVHF, LVLF, ",,"HB003, HB004, HB005, HB007, HB008, HB010, ",Non-DS Products,No,No,60,6.5,6.5,11.0,0.003718,25.0,G,POUCH,SKUHM5,ACTIVE
SKU13,Dettol Hand Sanitizer ,SKUHM6,Health and Medicine,Sanitizer,Dettol Hand Sanitizer 50 ML,Dettol,38089400,,0,,18.0,0.0,150.0,132.66,137.79,138.0,6,Dettol,NON_FOOD,ALL,"Chemist A, Chemist B, Chemist C, General A, General B, General C, Paan A, Paan B, Paan C, Wholesaler, ","HVHF, HVLF, LVHF, LVLF, ",,"HB002, HB003, HB004, HB005, HB007, HB008, ",Non-DS Products,No,No,24,6.3,3.9,93.0,0.01371006,50.0,ML,PET_BOTTLE,SKUHM6,ACTIVE
SKU31,Britannia Jimjam Rs.10,SKUBC3,Biscuits,Britannia,Britannia Jimjam Rs.10/-,Britannia,19053100,,0,,18.0,0.0,250.0,210.0,224.66,225.0,25,Britannia,FOOD,ALL,"Chemist A, Chemist B, Chemist C, General A, General B, General C, Paan A, Paan B, Paan C, Wholesaler, ","HVHF, HVLF, LVHF, LVLF, ",,"HB002, HB003, HB004, HB005, HB008, HB009, HB010, HB007, ",Non-DS Products,No,No,6,5.5,5.5,12.5,0.009453125,57.0,G,POUCH,SKUBC3,ACTIVE
SKU38,Dettol Soap Rs.10,SKUPC1,Personal Care,Soap,Dettol Soap Rs.10/-,Dettol,3401,,0,,18.0,0.0,400.0,344.88,359.46,360.0,40,Dettol,NON_FOOD,ALL,"Chemist A, Chemist B, Chemist C, General A, General B, General C, Paan A, Paan B, Paan C, Wholesaler, ","HVHF, HVLF, LVHF, LVLF, ",,"HB002, HB003, HB004, HB005, HB007, HB008, HB009, HB010, HB011, ",Non-DS Products,No,No,24,9.5,7.0,5.0,0.0133,40.0,G,WRAPPER,SKUPC1,ACTIVE
SKU41,Water Diya,SKUDS1,Diwali Special,Water Diya,Diwali Special- Water Diya,Diwali Special,39249090,,0,,18.0,0.0,2400.0,127.44,134.79,135.0,24,Samradhi ,NON_FOOD,ALL,"Chemist A, Chemist B, Chemist C, General A, General B, General C, Paan A, Paan B, Paan C, Wholesaler, ","HVHF, HVLF, LVHF, LVLF, ",,"HB002, HB003, HB009, HB010, ",Non-DS Products,No,No,24,6.0,3.0,6.0,0.002592,8.0,G,POUCH,SKUDS1,ACTIVE
SKU43,Maggi Instant Noodles 24 Pcs ,SKUGR4,Grocery,Instant Noodles,Maggi Instant Noodles Rs.15,Nestle,19023010,,0,,12.0,0.0,360.0,313.75,321.03,322.0,24,Nestle,FOOD,ALL,"Chemist A, Chemist B, Chemist C, General A, General B, General C, Paan A, Paan B, Paan C, Wholesaler, ","HVHF, HVLF, LVHF, LVLF, ",,"HB002, HB003, HB004, HB005, HB007, HB008, HB010, HB011, HB009, ",Non-DS Products,No,No,9,13.5,9.0,2.5,0.00729,70.0,G,POUCH,SKUGR4,ACTIVE
SKU44,Maggi Instant Noodles 96 Pcs,SKUGR5,Grocery,Instant Noodles,Maggi Instant Noodles Rs.15,Nestle,19023010,,0,,12.0,0.0,1440.0,1255.0,1284.25,1288.0,96,Nestle,FOOD,ALL,,,,"HB002, HB003, HB004, HB005, HB007, HB008, HB010, HB011, HB009, ",Non-DS Products,No,No,9,13.5,9.0,2.5,0.02916,70.0,G,CASE,SKUGR4,ACTIVE
SKU45,Jabsons Salted Peanut Classic ,SKUNK1,Namkeen,Jabsons ,Jabsons Salted Peanut ,Jabsons ,21069099,,0,,12.0,0.0,120.0,82.74,84.74,84.0,12,Jabsons ,FOOD,ALL,"Chemist A, Chemist B, Chemist C, General A, General B, General C, Paan A, Paan B, Paan C, Wholesaler, ","HVHF, HVLF, LVHF, LVLF, ",,"HB002, HB003, HB004, HB005, HB007, HB008, HB009, HB010, HB011, ",Non-DS Products,No,No,5,12.5,8.5,3.0,0.003825,25.0,G,LADI,SKUNK1,ACTIVE
SKU46,Jabsons Green Peas onion & Garlic,SKUNK2,Namkeen,Jabsons ,Jabsons Green Peas Rs.10/-,Jabsons ,21069099,,0,,12.0,0.0,120.0,88.25,94.71,95.0,12,Jabsons ,FOOD,ALL,"Chemist A, Chemist B, Chemist C, General A, General B, General C, Paan A, Paan B, Paan C, Wholesaler, ","HVHF, HVLF, LVHF, LVLF, ",,"HB002, HB003, HB004, HB005, HB007, HB008, HB009, HB010, HB011, ",Non-DS Products,No,No,4,12.5,8.5,3.0,0.003825,28.0,G,JAR,SKUNK2,ACTIVE
SKU48,Oval Coffee Candy,SKUCF1,Confectionery,Oval Coffee Candy ,Oval Coffee Candy ,DS Group,17049020,,0,,12.0,0.0,120.0,98.6,99.71,100.0,126,DS Group,FOOD,ALL,"Chemist A, Chemist B, Chemist C, General A, General B, General C, Paan A, Paan B, Paan C, Wholesaler, ","HVHF, HVLF, LVHF, LVLF, ",,"HB002, HB003, HB004, HB005, HB007, HB008, HB009, HB010, HB011, ",DS Group Products,No,No,12,9.5,9.5,23.0,0.2615445,3.6,G,JAR,SKUCF1,ACTIVE
SKU49,Britannia Tiger Coconut Rs.10,SKUBC6,Biscuits,Britannia,Britannia Tiger Coconut Rs.10,Britannia,19053100,,0,,18.0,0.0,250.0,192.0,198.41,199.0,24,Britannia,FOOD,ALL,"Chemist A, Chemist B, Chemist C, General A, General B, General C, Paan A, Paan B, Paan C, Wholesaler, ","HVHF, HVLF, LVHF, LVLF, ",,"HB002, HB003, HB004, HB007, HB009, HB010, ",Non-DS Products,No,No,6,4.5,2.0,2.0,4.32E-4,75.6,G,WRAPPER,SKUBC6,ACTIVE
SKU54,Jabsons Chana Jor 30g,SKUNK4,Namkeen,Jabsons ,Jabsons Chana Jor ,Jabsons ,21069099,,12,,12.0,0.0,120.0,88.25,89.74,90.0,12,Jabsons ,FOOD,ALL,"Chemist A, Chemist B, Chemist C, General A, General B, General C, Paan A, Paan B, Paan C, Wholesaler, ","HVHF, HVLF, LVHF, LVLF, ",,"HB002, HB003, HB004, HB005, HB007, HB008, HB010, HB009, ",Non-DS Products,No,No,6,12.5,8.5,1.0,0.001275,30.0,G,LADI,SKUNK4,ACTIVE
SKU55,Jabsons Black Pepper Peanuts,SKUNK5,Namkeen,Jabsons ,Jabsons Black Papper Peanuts,Jabsons ,21069099,,0,,12.0,0.0,120.0,82.74,89.74,90.0,12,Jabsons ,FOOD,ALL,"Chemist A, Chemist B, Chemist C, General A, General B, General C, Paan A, Paan B, Paan C, Wholesaler, ","HVHF, HVLF, LVHF, LVLF, ",,"HB002, HB003, HB004, HB005, HB007, HB008, HB009, HB010, HB011, ",Non-DS Products,No,No,6,12.5,8.5,3.0,0.003825,25.0,G,LADI,SKUNK5,ACTIVE
SKU56,Yippee Noodles Rs.15 ,SKUGR6,Grocery,Instant Noodles,Sunfeast Yipee Noodles Rs.15,ITC,19023010,,0,,12.0,0.0,360.0,288.0,294.13,295.0,24,ITC,FOOD,ALL,"Chemist A, Chemist B, Chemist C, General A, General B, General C, Paan A, Paan B, Paan C, Wholesaler, ","HVHF, HVLF, LVHF, LVLF, ",,"HB002, HB003, HB004, HB005, HB007, HB008, HB009, HB010, HB011, ",Non-DS Products,No,No,6,13.0,11.5,3.0,0.010764,60.0,G,POUCH,SKUGR6,ACTIVE
SKU57,Yippee Noodles Rs.15,SKUGR7,Grocery,Instant Noodles,Yippee Noodles Rs.15,ITC,19023010,,0,,12.0,0.0,1440.0,1155.0,1176.5,1180.0,96,ITC,FOOD,ALL,"Chemist A, Chemist B, Chemist C, General A, General B, General C, Paan A, Paan B, Paan C, Wholesaler, ","HVHF, HVLF, LVHF, LVLF, ",,"HB002, HB003, HB004, HB005, HB007, HB008, HB009, HB010, HB011, ",Non-DS Products,No,No,6,13.0,11.5,3.0,0.043056,60.0,G,CASE,SKUGR6,ACTIVE
SKU59,Premium '0' Zarda,SKUTZ1,Zarda,Premium Zarda '0' ,"Premium Zarda ""0""",DS Group,24039930,,0,,28.0,56.0,26.0,23.0,24.27,25.0,52,DS Group,NON_FOOD,ALL,"Chemist A, Chemist B, Chemist C, General A, General B, General C, Paan A, Paan B, Paan C, Wholesaler, ","HVHF, HVLF, LVHF, LVLF, ",,"HB002, HB003, HB004, HB005, HB007, HB009, HB010, HB011, HB008, ",DS Group Products,No,Yes,6,16.0,12.0,6.0,0.059904,0.22,G,IC,SKUTZ1,ACTIVE
SKU60,Fevikwik Rs.5,SKUGR8,Grocery,Fevikwik ,Fevikwik Rs.5,Fevikwik,35061000,,100,,18.0,0.0,420.0,348.5,368.89,370.0,84,Pidilite Industries Limited,NON_FOOD,ALL,"Chemist A, Chemist B, Chemist C, General A, General B, General C, Paan A, Paan B, Paan C, Wholesaler, ","HVHF, HVLF, LVHF, LVLF, ",,"HB002, HB003, HB004, HB007, HB008, HB009, HB010, HB005, ",Non-DS Products,No,No,12,15.0,10.0,9.0,0.1134,0.5,G,LADI,SKUGR8,ACTIVE
SKU61,Veeba Ketchup ,SKUGR9,Grocery,Veeba Ketchup,Veeba Ketchup,Veeba Ketchup,21032000,,0,,12.0,0.0,150.0,78.6,82.75,83.0,100,VRB Consumer Products Pvt. Ltd,FOOD,ALL,"Chemist A, Chemist B, Chemist C, General A, General B, General C, Paan A, Paan B, Paan C, Wholesaler, ","HVHF, HVLF, LVHF, LVLF, ",,"HB002, HB003, HB004, HB005, HB007, HB008, HB009, HB010, HB011, ",Non-DS Products,No,No,9,19.0,12.0,11.0,0.2508,8.0,G,LADI,SKUGR9,ACTIVE
SKU63,Bambino Roasted Vermicelli,SKUGR11,Grocery,Macroni & Vermicelli ,Bambino Roasted Vermicilli ,Bambino ,19021900,,10,,12.0,0.0,248.0,197.76,201.39,202.0,4,Bambino Agro Industries Limited,FOOD,ALL,"Chemist A, Chemist B, Chemist C, General A, General B, General C, Paan A, Paan B, Paan C, Wholesaler, ","HVHF, HVLF, LVHF, LVLF, ",,"HB009, ",Non-DS Products,No,No,6,23.0,7.0,17.0,0.010948,400.0,G,POUCH,SKUGR11,ACTIVE
SKU64,Bambino Roasted Dalia,SKUGR12,Grocery,Bambino Roasted Dalia,Bambino Roasted Dalia,Bambino ,11031110,,10,,5.0,0.0,220.0,127.49,129.63,130.0,4,Bambino Agro Industries Limited,FOOD,ALL,"Chemist A, Chemist B, Chemist C, General A, General B, General C, Paan A, Paan B, Paan C, Wholesaler, ","HVHF, HVLF, LVHF, LVLF, ",,"HB001, ",Non-DS Products,No,No,6,23.0,7.0,17.0,0.010948,400.0,G,POUCH,SKUGR12,ACTIVE
SKU65,Frooti Tetra Pack ,SKUBV2,Beverage,Frooti ,Frooti Tetra Pack Rs.10/-,Frooti,22029920,,100,,12.0,0.0,400.0,300.0,309.07,310.0,40,Parle Agro Private limited,FOOD,ALL,"Chemist A, Chemist B, Chemist C, General A, General B, General C, Paan A, Paan B, Paan C, Wholesaler, ","HVHF, HVLF, LVHF, LVLF, ",,"HB002, HB003, HB004, HB005, HB007, HB008, HB009, HB010, ",Non-DS Products,No,No,6,5.5,5.5,18.0,0.02178,125.0,ML,TETRA_PACK,SKUBV2,ACTIVE
SKU67,Hell Energy Drink,SKUBV4,Beverage,Cold Drink,Hell Energy Drink ,Hell Energy Drink,22029990,,100,,28.0,12.0,480.0,375.0,383.84,385.0,8,Hell,FOOD,ALL,"Chemist A, Chemist B, Chemist C, General A, General B, General C, Paan A, Paan B, Paan C, Wholesaler, ","HVHF, HVLF, LVHF, LVLF, ",,"HB002, HB003, HB004, HB005, HB007, HB008, HB009, HB010, HB011, ",Non-DS Products,No,No,12,5.5,5.5,13.5,0.003267,250.0,ML,CAN,SKUBV4,ACTIVE
SKU70,Magic Coal ,SKUSA1,Smoking Accessories,Magic Coal ,Magic Coal ,Magic Coal,44020010,,100,,0.0,0.0,1600.0,370.0,423.75,425.0,2,Bongchie India Private Limited,NON_FOOD,ALL,"Chemist A, Chemist B, Chemist C, General A, General B, General C, Paan A, Paan B, Paan C, Wholesaler, ","HVHF, HVLF, LVHF, LVLF, ",,"HB002, HB004, HB005, HB007, HB008, HB009, ",Non-DS Products,No,No,36,10.0,10.0,19.0,0.0038,100.0,G,WRAPPER,SKUSA1,ACTIVE
SKU71,Haldiram Chips Classic Salted,SKUNK6,Namkeen,Haldiram,Haldiram Classic Salted Rs.10,Haldiram,21069099,,100,,12.0,0.0,100.0,83.33,86.74,87.0,10,Haldiram,FOOD,ALL,"Chemist A, Chemist B, Chemist C, General A, General B, General C, Paan A, Paan B, Paan C, Wholesaler, ","HVHF, HVLF, LVHF, LVLF, ",,"HB002, HB004, HB007, HB008, HB009, ",Non-DS Products,No,No,6,14.5,10.5,3.0,0.0045675,20.0,G,WRAPPER,SKUNK6,ACTIVE
SKU73,Colgate Toothpaste Rs.10 24Pcs,SKUGR13,Grocery,Colgate Dental Cream ,Colgate Toothpaste Rs.10,Colgate Toothpaste,330610,,10,,18.0,0.0,240.0,205.04,209.38,210.0,24,Colgate-Palmolive Company,NON_FOOD,ALL,"Chemist A, Chemist B, Chemist C, General A, General B, General C, Paan A, Paan B, Paan C, Wholesaler, ","HVHF, HVLF, LVHF, LVLF, ",,"HB002, HB003, HB004, HB007, HB008, HB010, HB011, ",Non-DS Products,No,No,18,2.0,2.0,5.5,5.28E-4,16.0,G,IC,SKUGR13,ACTIVE
SKU74,Cadbury Bournvita Rs.5,SKUGR14,Grocery,Cadbury Bournvita ,Cadbury Bourvita Rs.5,Bournvita ,19019090,,10,,18.0,0.0,60.0,53.93,54.86,55.0,12,Cadbury ,FOOD,ALL,"Chemist A, Chemist B, Chemist C, General A, General B, General C, Paan A, Paan B, Paan C, Wholesaler, ","HVHF, HVLF, LVHF, LVLF, ",,"HB002, HB003, HB004, HB005, HB007, HB008, HB009, HB010, HB011, ",Non-DS Products,No,No,12,2.0,2.0,5.5,2.64E-4,14.4,G,LADI,SKUGR14,ACTIVE
SKU75,Red Label Tea Rs.45,SKUGR15,Grocery,Brooke Bond Red Label,Brooke Bond Red Label Rs.45,Brooke Bond ,09023020,,10,,5.0,0.0,180.0,148.76,151.57,152.0,4,Lipton Teas and Infusions,NON_FOOD,ALL,"Chemist A, Chemist B, Chemist C, General A, General B, General C, Paan A, Paan B, Paan C, Wholesaler, ","HVHF, HVLF, LVHF, LVLF, ",,"HB002, HB003, HB007, HB009, HB010, HB011, ",Non-DS Products,No,No,12,5.0,5.0,10.2,0.0010199999999999999,100.0,G,MASTER_POUCH,SKUGR15,ACTIVE
SKU77,Energy Drink Combo,SKUBV5,Beverage,Combo,Redbull+Hell Combo 4+4,Redbull+Hell,22029990,,8,,28.0,12.0,740.0,547.17,558.38,560.0,8,Redbull+Hell,FOOD,ALL,"Chemist A, Chemist C, General A, General B, General C, Paan A, Paan B, Paan C, Wholesaler, ","HVHF, HVLF, LVHF, LVLF, ",,"HB002, ",Non-DS Products,No,No,12,11.0,11.0,27.0,0.026136,375.0,ML,TIN,SKUBV5,ACTIVE
SKU79,Tops Mixed Pickle Rs.1,SKUGR16,Grocery,Tops Mixed Pickle ,Tops Mixed Pickle Rs.1,Tops Pickle,20019000,,100,,12.0,0.0,72.0,55.87,56.83,57.0,72,G. D. Foods MFG. (India) Pvt. Ltd.,FOOD,ALL,"Chemist A, Chemist B, Chemist C, General A, General B, General C, Paan A, Paan B, Paan C, Wholesaler, ","HVHF, HVLF, LVHF, LVLF, ",,"HB002, HB007, ",Non-DS Products,No,No,12,5.0,5.0,11.2,0.02016,6.0,G,POUCH,SKUGR16,ACTIVE
SKU80,Chings Veg Hakka noodles Rs.30,SKUGR17,Grocery,Chings Veg Hakka Noodles,Chings Veg Hakka Noodles Rs.30,Chings ,19021900,,100,,12.0,0.0,180.0,139.98,139.6,140.0,6,Capital Foods.,FOOD,ALL,"Chemist A, Chemist B, Chemist C, General A, General B, General C, Paan A, Paan B, Paan C, Wholesaler, ","HVHF, HVLF, LVHF, LVLF, ",,"HB002, ",Non-DS Products,No,No,12,27.0,18.0,5.0,0.01458,140.0,G,POUCH,SKUGR17,ACTIVE
SKU82,Lemon Chaskaa Candy ,SKUCF5,Confectionery,GPI,Lemon Chaskaa,GPI,17049090,,100,,18.0,0.0,220.0,180.0,181.45,182.0,1,GPI,FOOD,ALL,"Chemist A, Chemist B, Chemist C, General A, General B, General C, Paan A, Paan B, Paan C, Wholesaler, ","HVHF, HVLF, LVHF, LVLF, ",,"HB002, HB003, HB004, HB009, ",Non-DS Products,No,No,12,10.5,10.5,24.0,0.002646,3.5,G,JAR,SKUCF5,ACTIVE
SKU83,Funda Pan Candy,SKUCF6,Confectionery,GPI,Funda Pan Candy,GPI,17049090,,10,,18.0,0.0,150.0,125.0,126.63,127.0,1,GPI,FOOD,ALL,"Chemist A, Chemist B, Chemist C, General A, General B, General C, Paan A, Paan B, Paan C, Wholesaler, ","HVHF, HVLF, LVHF, LVLF, ",,"HB002, HB003, HB004, HB009, ",Non-DS Products,No,No,12,12.0,12.0,24.0,0.003456,4.0,G,JAR,SKUCF6,ACTIVE
SKU84,TZ 0.45g ,SKUTZ2,Zarda,Tulsi,TZ 0.45g 50 Pcs,DS Group,2403,,2,,28.0,56.0,275.0,257.5,261.2,262.0,50,DS Group,NON_FOOD,ALL,"Chemist A, Chemist B, Chemist C, General A, General B, General C, Paan A, Paan B, Paan C, Wholesaler, ","HVHF, HVLF, LVHF, LVLF, ",,"HB002, HB003, HB004, HB005, HB007, HB008, HB009, HB010, HB011, ",DS Group Products,No,Yes,6,3.5,3.0,0.5,2.625E-4,0.45,G,IC,SKUTZ2,ACTIVE
SKU85,Lahori Shikanji ,SKUBV7,Beverage,Cold Drink,Lahoori Shikanji Rs.10,Festive Product,22029990,,3,,28.0,12.0,240.0,182.0,189.72,190.0,24,Archian Foods Private Limited. ,FOOD,ALL,"Chemist A, Chemist B, Chemist C, General A, General B, General C, Paan A, Paan B, Paan C, Wholesaler, ","HVHF, HVLF, LVHF, LVLF, ",,"TEST HUB, ",Non-DS Products,No,No,6,6.0,6.0,14.0,0.012096,160.0,ML,BOX,SKUBV7,ACTIVE
SKU86,Campa Energy Gold Boost,SKUBV8,Beverage,Cold Drink,Campa Energy Gold Boost,Campa ,22029990,,0,,28.0,12.0,720.0,580.0,598.25,600.0,24,Reliance Consumer Products Limited,FOOD,ALL,"Chemist A, Chemist B, Chemist C, General A, General B, General C, Paan A, Paan B, Paan C, Wholesaler, ","HVHF, HVLF, LVHF, LVLF, ",,"HB003, HB004, HB005, HB007, HB008, HB009, HB010, HB011, HB002, ",Non-DS Products,Yes,No,12,6.0,6.0,14.0,0.012096,185.0,ML,CAN,SKUBV8,ACTIVE
SKU88,Lays Cream & Onion ,SKUGR18,Grocery,Chips ,Lays Cream & Onion Rs.10 ,Lays Chips ,21069099,,10,,18.0,0.0,120.0,102.0,104.69,105.0,12,Frito-Lay,FOOD,ALL,"Chemist A, Chemist B, Chemist C, General A, General B, General C, Paan A, Paan B, Paan C, Wholesaler, ","HVHF, HVLF, LVHF, LVLF, ",,"HB002, HB003, HB007, HB008, HB009, HB010, ",Non-DS Products,No,No,4,14.5,10.5,3.0,0.005481,28.0,G,LADI,SKUGR18,ACTIVE
SKU89,Kopiko Candy Jar ,SKUCF7,Confectionery,Kopiko candy ,Kopiko Candy Jar ,Kopiko Candy ,170490,,10,,12.0,0.0,240.0,193.92,198.41,199.0,240,Mayora Group,FOOD,ALL,"Chemist A, Chemist B, Chemist C, General A, General B, General C, Paan A, Paan B, Paan C, Wholesaler, ","HVHF, HVLF, LVHF, LVLF, ",,"TEST HUB, HB002, ",Non-DS Products,No,No,12,9.5,9.5,23.0,0.49818,3.5,G,JAR,SKUCF7,ACTIVE
SKU90,Bingo Tedhe Medhe ,SKUGR19,Grocery,Bingo Tedhe Medhe ,Bingo Tedhe Medhe ,ITC,210690,,10,,12.0,0.0,120.0,93.47,95.71,96.0,12,ITC,FOOD,ALL,"Chemist A, Chemist B, Chemist C, General A, General B, General C, Paan A, Paan B, Paan C, Wholesaler, ","HVHF, HVLF, LVHF, LVLF, ",,"HB002, HB003, HB004, HB007, HB008, HB009, HB010, HB005, ",Non-DS Products,No,No,4,108.0,114.0,115.0,16.99056,40.0,G,LADI,SKUGR19,ACTIVE
SKU91,Tops Junior Tomato Ketchup,SKUGR20,Grocery,Tops Ketchup ,Tops Ketchup 90g,Tops Pickle,21032000,,10,,12.0,0.0,80.0,62.72,64.8,65.0,8,G. D. Foods MFG. (India) Pvt. Ltd.,FOOD,ALL,"Chemist A, Chemist B, Chemist C, General A, General B, General C, Paan A, Paan B, Paan C, Wholesaler, ","HVHF, HVLF, LVHF, LVLF, ",,"HB002, ",Non-DS Products,No,No,12,11.0,11.0,14.0,0.013552,90.0,G,CAN,SKUGR20,ACTIVE
SKU92,Bingo Mad Angle Achari ,SKUGR21,Grocery,Bingo Tedhe Medhe ,Bingo Mad Angle rs.20,ITC,210690,,10,,12.0,0.0,80.0,60.61,63.8,64.0,4,ITC,FOOD,ALL,"Chemist A, Chemist B, Chemist C, General A, General B, General C, Paan A, Paan B, Paan C, Wholesaler, ","HVHF, HVLF, LVHF, LVLF, ",,"HB002, HB003, HB007, ",Non-DS Products,No,No,4,10.2,10.2,13.0,0.00541008,66.0,G,WRAPPER,SKUGR21,ACTIVE
SKU93,Minute Maid Pulpy Orange,SKUBV10,Beverage,Juice,Minute Maid Pulpy Orange,Coca Cola,22029920,,10,,12.0,0.0,250.0,200.0,200.39,201.0,10,Coca Cola,FOOD,ALL,"Chemist A, Chemist B, Chemist C, General A, General B, General C, Paan A, Paan B, Paan C, Wholesaler, ","HVHF, HVLF, LVHF, LVLF, ",,"HB002, HB003, HB009, ",Non-DS Products,No,No,6,10.0,10.0,35.0,0.035,250.0,ML,PET_BOTTLE,SKUBV10,ACTIVE
SKU95,Kelloggs Chocos ,SKUGR22,Grocery,Kelloggs Chocos,Kelloggs Chocos,Kelloggs Chocos,19049000,,10,,18.0,0.0,160.0,134.1,137.6,138.0,16,WK Kellogg Co,FOOD,ALL,"Chemist A, Chemist B, Chemist C, General A, General B, General C, Paan A, Paan B, Paan C, Wholesaler, ","HVHF, HVLF, LVHF, LVLF, ",,"HB002, ",Non-DS Products,No,No,6,14.5,10.5,3.0,0.007308,20.0,G,LADI,SKUGR22,ACTIVE
SKU99,Pulse Golmol Imli Jar ,SKUCF8,Confectionery,Pulse,Pulse Golmol Imli ,DS Group,1704,,0,,12.0,0.0,150.0,119.66,119.66,120.0,150,DS Group,FOOD,ALL,"Chemist A, Chemist B, Chemist C, General A, General B, General C, Paan A, Paan B, Paan C, Wholesaler, ","HVHF, HVLF, LVHF, LVLF, ",,"HB002, HB003, HB004, HB005, HB007, HB009, HB008, HB010, HB011, ",DS Group Products,No,No,12,9.0,9.0,22.0,0.2673,3.5,G,JAR,SKUCF8,ACTIVE
SKU100,Jabsons Tandoori Peanuts ,SKUNK8,Namkeen,Jabsons ,Jabsons Tandoori Peanuts Rs.10,Jabsons ,21069099,,10,,12.0,0.0,120.0,84.49,89.74,90.0,12,Jabsons ,FOOD,ALL,"Chemist A, Chemist B, Chemist C, General A, General B, General C, Paan A, Paan B, Paan C, Wholesaler, ","HVHF, HVLF, LVHF, LVLF, ",,"HB002, HB003, HB004, HB005, HB007, HB008, HB009, HB010, HB011, ",Non-DS Products,No,No,6,12.5,8.5,3.0,0.003825,25.0,G,LADI,SKUNK8,ACTIVE
SKUGR36,Lays Magic Masala ,SKUGR36,Grocery,Chips ,Lays Magic Masala ,Lays Chips ,21069099,,10,,18.0,0.0,120.0,102.0,104.69,105.0,12,Frito-Lay,FOOD,ALL,"Chemist A, Chemist B, Chemist C, General A, General B, General C, Paan A, Paan B, Paan C, Wholesaler, ","HVHF, HVLF, LVHF, LVLF, ",,"HB002, HB004, HB007, HB008, HB010, ",Non-DS Products,No,No,4,14.5,10.5,3.0,0.005481,24.0,G,LADI,SKUGR36,ACTIVE
SKUCG2,Marlboro Stellar Define (Paan),SKUCG2,Cigarette,GPI,Stellar Define Paan ,Marlboro,24022040,,5,,28.0,0.0,2000.0,1660.0,1674.99,1680.0,10,Marlboro,NON_FOOD,ALL,"Chemist A, Chemist B, Chemist C, General A, General B, General C, Paan A, Paan B, Paan C, Wholesaler, ","HVHF, HVLF, LVHF, LVLF, ",,"HB002, HB003, ",Non-DS Products,No,Yes,12,25.0,8.5,7.5,0.0159375,15.0,G,IC,SKUCG2,ACTIVE
SKUCG3,Marlboro Stellar Shift,SKUCG3,Cigarette,GPI,"Stellar Shift
",Marlboro,24022040,,0,,28.0,0.0,2000.0,1600.0,1615.17,1620.0,10,Marlboro,NON_FOOD,ALL,"Chemist A, Chemist B, Chemist C, General A, General B, General C, Paan A, Paan B, Paan C, Wholesaler, ","HVHF, HVLF, LVHF, LVLF, ",,"HB002, ",Non-DS Products,No,No,12,25.0,8.5,7.5,0.0159375,15.0,G,IC,SKUCG3,ACTIVE
SKUBV13,Real Mixed Fruit Juice Rs. 20,SKUBV13,Beverage,Juice,Real Mixed Fruit Juice,Dabur,22029920,,5,,12.0,0.0,600.0,365.0,378.88,380.0,30,Dabur,FOOD,ALL,"Chemist A, Chemist B, Chemist C, General A, General B, General C, Paan A, Paan B, Paan C, Wholesaler, ","HVHF, HVLF, LVHF, LVLF, ",,"HB002, HB003, HB004, HB005, HB007, HB010, HB008, HB009, ",Non-DS Products,No,No,6,4.8,3.8,12.0,0.0065664,200.0,ML,TETRA_PACK,SKUBV13,ACTIVE
SKUBV14,Fanta,SKUBV14,Beverage,Cold Drink,Fanta,Coca Cola,22029990,,100,,28.0,12.0,300.0,235.0,244.26,245.0,15,Coca Cola,FOOD,ALL,"Chemist A, Chemist B, Chemist C, General A, General B, General C, Paan A, Paan B, Paan C, Wholesaler, ","HVHF, HVLF, LVHF, LVLF, ",,"HB002, HB003, HB007, ",Non-DS Products,No,No,5,5.5,5.5,18.0,0.0081675,250.0,ML,PET_BOTTLE,SKUBV14,ACTIVE
SKUBV15,Sprite,SKUBV15,Beverage,Cold Drink,Sprite,Coca Cola,22029990,,100,,28.0,12.0,300.0,235.0,248.25,249.0,15,Coca Cola,FOOD,ALL,"Chemist A, Chemist B, Chemist C, General A, General B, General C, Paan A, Paan B, Paan C, Wholesaler, ","HVHF, HVLF, LVHF, LVLF, ",,"HB002, HB007, ",Non-DS Products,No,No,5,5.5,5.5,18.0,0.0081675,250.0,ML,PET_BOTTLE,SKUBV15,ACTIVE
SKUBV16,Appy Fizz,SKUBV16,Beverage,Cold Drink,Appy Fizz,Appy Fizz,22029990,,100,,28.0,12.0,400.0,328.0,344.0,345.0,40,Parle Agro Private Limited,NON_FOOD,ALL,"Chemist A, Chemist B, Chemist C, General A, General B, General C, Paan A, Paan B, Paan C, Wholesaler, ","HVHF, HVLF, LVHF, LVLF, ",,"HB002, HB007, ",Non-DS Products,No,No,4,5.0,5.0,16.0,0.016,125.0,ML,PET_BOTTLE,SKUBV16,ACTIVE
SKUBV18,Campa Cola ,SKUBV18,Beverage,Cold Drink,"Campa Cola  200 ml
",Campa ,22029990,,0,,28.0,12.0,300.0,225.0,234.32,235.0,30,Reliance Consumer Products Limited,FOOD,ALL,"Chemist A, Chemist B, Chemist C, General A, General B, General C, Paan A, Paan B, Paan C, Wholesaler, ","HVHF, HVLF, LVHF, LVLF, ",,"HB002, ",Non-DS Products,No,No,6,4.8,4.8,15.5,0.010713599999999998,200.0,ML,PET_BOTTLE,SKUBV18,ACTIVE
SKUBC7,Priya Gold CNC Biscuits ,SKUBC7,Biscuits,Priya Gold CNC Biscuits ,Priya Gold CNC ,CNC Biscuits ,19053100,,10,,198.0,0.0,400.0,290.0,299.13,300.0,40,Priya Gold,FOOD,ALL,"Chemist A, Chemist B, Chemist C, General A, General B, General C, Paan A, Paan B, Paan C, Wholesaler, ","HVHF, HVLF, LVHF, LVLF, ",,"TEST HUB, WH1, WH2, ",Non-DS Products,No,No,6,10.0,10.0,5.6,0.0224,40.0,G,POUCH,SKUBC7,ACTIVE
SKUCF17,Dabur Hajmola Regular ,SKUCF17,Confectionery,Dabur,Dabur Hajmola Regular- 170 Unit in a Jar,Dabur Hajmola,30049011,,20,,12.0,0.0,170.0,135.0,144.57,145.0,1,Dabur,FOOD,ALL,"Chemist A, Chemist B, Chemist C, General A, General B, General C, Paan A, Paan B, Paan C, Wholesaler, ","HVHF, HVLF, LVHF, LVLF, ",,"HB002, HB003, HB004, HB007, HB008, HB009, HB010, ",Non-DS Products,No,No,36,12.0,10.6,22.0,0.0027983999999999995,2.0,G,JAR,SKUCF17,ACTIVE
SKUCF18,Dabur Hajmola Imli,SKUCF18,Confectionery,Dabur,Dabur Hajmola Imli - 170 Unit in a Jar,Dabur Hajmola,30049011,,20,,12.0,0.0,170.0,135.0,144.57,145.0,1,Dabur,FOOD,ALL,"Chemist A, Chemist B, Chemist C, General A, General B, General C, Paan A, Paan B, Paan C, Wholesaler, ","HVHF, HVLF, LVHF, LVLF, ",,"HB002, HB003, ",Non-DS Products,No,No,36,12.0,10.6,22.0,0.0027983999999999995,2.0,G,JAR,SKUCF18,ACTIVE
SKUBC8,Priya Gold CNC Biscuits ,SKUBC8,Biscuits,Priya Gold CNC Biscuits ,Priya Gold CNC Biscuits ,Priya Gold,19053100,,10,,18.0,0.0,800.0,580.0,598.26,600.0,80,Priya Gold,FOOD,ALL,"Chemist A, Chemist B, Chemist C, General A, General B, General C, Paan A, Paan B, Paan C, Wholesaler, ","HVHF, HVLF, LVHF, LVLF, ",,"HB009, ",Non-DS Products,No,No,6,10.0,10.0,5.6,0.0448,40.0,G,POUCH,SKUBC7,ACTIVE
SKUCF19,Alpenliebe Just Jelly,SKUCF19,Confectionery,Perfetti Van Melle,Alpenliebe Just Jelly,Alpenliebe,17041000,,20,,18.0,0.0,225.0,190.63,199.41,200.0,1,Perfetti Van Melle,FOOD,ALL,"Chemist A, Chemist B, Chemist C, General A, General B, General C, Paan A, Paan B, Paan C, Wholesaler, ","HVHF, HVLF, LVHF, LVLF, ",,"HB002, HB003, HB004, HB005, HB007, HB008, HB009, ",Non-DS Products,No,No,12,12.0,12.0,24.0,0.003456,2.6,G,JAR,SKUCF19,ACTIVE
SKUCF20,Chupa Chups Lollipop,SKUCF20,Confectionery,Perfetti Van Melle,Chupa Chups Lollipop - 48 Unit in a Hanger,PVM,17041000,,20,,18.0,0.0,240.0,202.38,211.38,212.0,1,PVM,FOOD,ALL,"Chemist A, Chemist B, Chemist C, General A, General B, General C, Paan A, Paan B, Paan C, Wholesaler, ","HVHF, HVLF, LVHF, LVLF, ",,"HB002, HB003, HB004, HB005, HB007, HB008, ",Non-DS Products,No,No,12,360.0,90.0,300.0,9.72,12.0,G,HANGER,SKUCF20,ACTIVE
SKUNK9,Haldiram - Aloo Bhujia (â‚¹5),SKUNK9,Namkeen,Haldiram,Haldiram - Aloo Bhujia (â‚¹5) - Pack of 24,Haldiram,21069099,,120,,12.0,0.0,120.0,97.63,101.69,102.0,24,Haldiram,FOOD,ALL,"Chemist A, Chemist B, Chemist C, General A, General B, General C, Paan A, Paan B, Paan C, Wholesaler, ","HVHF, HVLF, LVHF, LVLF, ",,"HB011, ",Non-DS Products,No,No,5,8.0,6.6,6.0,0.007603199999999999,17.0,G,LADI,SKUNK9,ACTIVE
SKUNK10,Haldiram - Bhujia (â‚¹5),SKUNK10,Namkeen,Haldiram,Haldiram - Bhujia (â‚¹5) - Pack Of 24,Haldiram,21069099,,120,,12.0,0.0,120.0,97.63,101.69,102.0,24,Haldiram,FOOD,ALL,"Chemist A, Chemist B, Chemist C, General A, General B, General C, Paan A, Paan B, Paan C, Wholesaler, ","HVHF, HVLF, LVHF, LVLF, ",,"HB011, ",Non-DS Products,No,No,5,8.0,6.6,6.0,0.007603199999999999,17.0,G,LADI,SKUNK10,ACTIVE
SKUNK11,Haldiram - Navratan (â‚¹5),SKUNK11,Namkeen,Haldiram,Haldiram - Navratan (â‚¹5) - Pack of 24,Haldiram,21069099,,0,,12.0,0.0,120.0,97.63,101.69,102.0,24,Haldiram,FOOD,ALL,"Chemist A, Chemist B, Chemist C, General A, General B, General C, Paan A, Paan B, Paan C, Wholesaler, ","HVHF, HVLF, LVHF, LVLF, ",,"HB011, ",Non-DS Products,No,No,5,8.0,2.0,6.0,0.002304,17.0,G,LADI,SKUNK11,ACTIVE
SKUNK12,Haldiram - Moong Dal (â‚¹5),SKUNK12,Namkeen,Haldiram,Haldiram - Moong Dal (â‚¹5) - Pack of 24,Haldiram,21069099,,0,,12.0,0.0,120.0,97.63,101.69,102.0,24,Haldiram,FOOD,ALL,"Chemist A, Chemist B, Chemist C, General A, General B, General C, Paan A, Paan B, Paan C, Wholesaler, ","HVHF, HVLF, LVHF, LVLF, ",,"HB011, ",Non-DS Products,No,No,5,8.0,2.0,6.0,0.002304,17.0,G,LADI,SKUNK12,ACTIVE
SKUPM4,Rajnigandha 17g Zipper 1 Pcs,SKUPM4,Pan Masala,Rajnigandha,Rajnigandha 17g ,DS Group,21069020,,100,,28.0,32.0,70.0,53.08,55.83,56.0,1,DS Group,FOOD,ALL,"Chemist A, Chemist B, Chemist C, General A, General B, General C, Paan A, Paan B, Paan C, Wholesaler, ","HVHF, HVLF, LVHF, LVLF, ",,"HB002, WH1, WH2, ",DS Group Products,No,No,4,10.5,9.0,5.0,4.725E-4,17.0,G,ZIPPER,SKUPM4,ACTIVE
SKUNK13,Haldiram - Salted Peanuts (â‚¹5),SKUNK13,Namkeen,Haldiram,Haldiram - Moong Dal (â‚¹5) - Pack of 24,Haldiram,21069099,,0,,12.0,0.0,120.0,97.63,101.69,102.0,24,Haldiram,FOOD,ALL,"Chemist A, Chemist B, Chemist C, General A, General B, General C, Paan A, Paan B, Paan C, Wholesaler, ","HVHF, HVLF, LVHF, LVLF, ",,"HB011, ",Non-DS Products,No,No,5,8.0,2.0,6.0,0.002304,17.0,G,LADI,SKUNK13,ACTIVE
SKUNK14,Haldiram - Punjabi Tadka (â‚¹5),SKUNK14,Namkeen,Haldiram,Haldiram - Punjabi Tadka (â‚¹5) - Pack of 24,Haldiram,21069099,,0,,12.0,0.0,120.0,97.63,101.69,102.0,24,Haldiram,FOOD,ALL,"Chemist A, Chemist B, Chemist C, General A, General B, General C, Paan A, Paan B, Paan C, Wholesaler, ","HVHF, HVLF, LVHF, LVLF, ",,"HB011, ",Non-DS Products,No,No,5,8.0,2.0,6.0,0.002304,17.0,G,LADI,SKUNK14,ACTIVE
SKUNK15,Haldiram - Nut Cracker (â‚¹5),SKUNK15,Namkeen,Haldiram,Haldiram - Nut Cracker (â‚¹5) - Pack of 24,Haldiram,21069099,,0,,12.0,0.0,120.0,97.63,101.69,102.0,24,Haldiram,FOOD,ALL,"Chemist A, Chemist B, Chemist C, General A, General B, General C, Paan A, Paan B, Paan C, Wholesaler, ","HVHF, HVLF, LVHF, LVLF, ",,"HB011, ",Non-DS Products,No,No,5,8.0,2.0,6.0,0.002304,17.0,G,LADI,SKUNK15,ACTIVE
SKUNK16,Haldiram Malai Sev,SKUNK16,Namkeen,Haldiram,Haldiram Malai Sev Rs.10,Haldiram,21069099,,1,,12.0,0.0,240.0,192.72,199.41,200.0,24,Haldiram,FOOD,ALL,"Chemist A, Chemist B, Chemist C, General A, General B, General C, Paan A, Paan B, Paan C, Wholesaler, ","HVHF, HVLF, LVHF, LVLF, ",,"HB002, ",Non-DS Products,No,No,4,12.5,8.5,3.0,0.00765,39.0,G,LADI,SKUNK16,ACTIVE
